material_id,layered_score,anisotropy_ratio,layer_axis,axis_bonds_a,axis_bonds_b,axis_bonds_c,total_bonds,layered_invalid_reason
mp-32800,1.0,0.0,a,0,0,24,256,
mp-865028,0.0,1.0,a,6,6,6,38,
mp-1197575,,,,0,2,0,154,too_few_inplane_bonds
mp-559071,,,,0,0,0,132,too_few_inplane_bonds
mp-861942,1.0,0.0,c,8,8,0,64,
mp-1229184,,,,0,0,0,88,too_few_inplane_bonds
mp-571425,,,,0,0,0,86,too_few_inplane_bonds
mp-672339,,,,0,0,0,86,too_few_inplane_bonds
mp-1229122,1.0,0.0,a,0,0,12,24,
mp-23485,1.0,0.0,a,0,0,12,24,
mp-570256,,,,0,0,0,24,too_few_inplane_bonds
mp-556866,,,,0,0,0,40,too_few_inplane_bonds
mp-561822,,,,4,0,0,196,too_few_inplane_bonds
mp-13956,,,,8,0,0,200,too_few_inplane_bonds
mp-28557,,,,0,0,0,64,too_few_inplane_bonds
mp-1102900,,,,0,0,0,32,too_few_inplane_bonds
mp-1393712,,,,0,0,0,20,too_few_inplane_bonds
mp-1537871,,,,0,0,0,20,too_few_inplane_bonds
mp-2018369,,,,0,0,0,40,too_few_inplane_bonds
mp-2025704,,,,0,0,0,16,too_few_total_bonds
mp-2212763,,,,0,0,0,16,too_few_total_bonds
mp-2766207,,,,0,0,0,16,too_few_total_bonds
mp-31053,,,,0,0,0,20,too_few_inplane_bonds
mp-32669,,,,0,0,0,20,too_few_inplane_bonds
mp-32884,,,,0,0,0,20,too_few_inplane_bonds
mp-36216,,,,0,0,0,20,too_few_inplane_bonds
mp-556225,,,,0,0,0,20,too_few_inplane_bonds
mp-610517,1.0,0.0,a,0,24,0,40,
mp-568971,1.0,0.0,c,16,8,0,40,
mp-29163,1.0,0.0,c,8,8,0,44,
mp-4431,,,,0,0,0,48,too_few_inplane_bonds
mp-555843,,,,0,0,0,48,too_few_inplane_bonds
mp-561620,1.0,0.0,c,12,12,0,100,
mp-5145,,,,0,0,0,48,too_few_inplane_bonds
mp-34460,,,,0,0,0,16,too_few_total_bonds
mp-1229165,1.0,0.0,c,8,8,0,116,
mp-17862,,,,2,2,2,108,too_few_inplane_bonds
mp-27821,,,,0,0,0,54,too_few_inplane_bonds
mp-12459,,,,0,0,0,64,too_few_inplane_bonds
mp-1104271,,,,0,0,0,48,too_few_inplane_bonds
mp-4515,,,,0,0,0,48,too_few_inplane_bonds
mp-555269,1.0,0.0,a,0,16,0,96,
mp-29849,1.0,0.0,a,0,12,8,86,
mp-27482,,,,4,4,0,96,too_few_inplane_bonds
mp-1247859,1.0,0.0,c,18,18,0,53,
mp-568540,1.0,0.0,a,0,0,12,84,
mp-559847,1.0,0.0,b,10,0,0,56,
mp-4004,,,,4,4,0,72,too_few_inplane_bonds
mp-1214970,,,,0,0,0,216,too_few_inplane_bonds
mp-1214971,,,,0,0,0,216,too_few_inplane_bonds
mp-1229218,1.0,0.0,a,0,10,8,222,
mp-1229145,,,,0,0,0,48,too_few_inplane_bonds
mp-15077,,,,0,0,0,216,too_few_inplane_bonds
mp-1197032,,,,0,0,0,228,too_few_inplane_bonds
mp-8594,,,,0,0,0,240,too_few_inplane_bonds
mp-9770,,,,0,0,0,240,too_few_inplane_bonds
mp-1229180,1.0,0.0,b,26,0,0,124,
mp-15645,,,,0,0,0,240,too_few_inplane_bonds
mp-1191037,,,,0,0,0,56,too_few_inplane_bonds
mp-557631,,,,0,0,0,56,too_few_inplane_bonds
mp-37153,,,,0,0,0,24,too_few_inplane_bonds
mp-22665,1.0,0.0,a,0,16,0,88,
mp-13740,,,,0,0,0,96,too_few_inplane_bonds
mp-542609,,,,2,2,0,172,too_few_inplane_bonds
mp-570340,1.0,0.0,b,12,0,0,40,
mp-556434,,,,4,0,0,68,too_few_inplane_bonds
mp-569126,,,,4,4,4,76,too_few_inplane_bonds
mp-558368,1.0,0.0,b,48,0,0,68,
mp-569939,1.0,0.0,b,48,0,0,68,
mp-23474,,,,0,0,0,92,too_few_inplane_bonds
mp-35909,1.0,0.0,a,0,0,16,48,
mp-29678,,,,0,0,0,24,too_few_inplane_bonds
mp-556094,,,,0,0,0,56,too_few_inplane_bonds
mp-2034510,0.5,0.5,c,16,16,8,24,
mp-23231,,,,12,12,12,12,too_few_total_bonds
mp-866291,,,,0,0,0,8,too_few_total_bonds
mp-1536202,0.5,0.5,c,16,16,8,24,
mp-22922,,,,12,12,12,12,too_few_total_bonds
mp-570687,0.5,0.5,c,16,16,8,24,
mp-567890,,,,0,0,0,156,too_few_inplane_bonds
mp-6215,1.0,0.0,c,8,8,0,44,
mp-560067,1.0,0.0,b,24,0,0,56,
mp-23140,,,,8,0,0,48,too_few_inplane_bonds
mp-558446,1.0,0.0,b,24,0,0,56,
mp-22894,,,,0,0,0,16,too_few_total_bonds
mp-22925,,,,0,0,0,8,too_few_total_bonds
mp-567809,,,,8,8,0,16,too_few_total_bonds
mp-580941,,,,0,0,0,32,too_few_inplane_bonds
mp-684580,,,,0,0,8,8,too_few_total_bonds
mp-680482,,,,0,0,0,136,too_few_inplane_bonds
mp-1214988,,,,0,0,0,136,too_few_inplane_bonds
mp-554766,,,,0,0,0,56,too_few_inplane_bonds
mp-1195243,,,,0,0,0,104,too_few_inplane_bonds
mp-8200,,,,0,0,0,52,too_few_inplane_bonds
mp-5470,,,,0,8,0,32,too_few_inplane_bonds
mp-621612,,,,4,4,0,72,too_few_inplane_bonds
mp-1202255,,,,0,0,0,164,too_few_inplane_bonds
mp-1229237,1.0,0.0,a,0,0,64,192,
mp-14653,,,,0,0,0,36,too_few_inplane_bonds
mp-3414,,,,0,0,0,96,too_few_inplane_bonds
mp-560848,1.0,0.0,a,0,32,0,100,
mp-605863,1.0,0.0,a,0,40,0,124,
mp-1205392,1.0,0.0,c,16,16,0,56,
mp-3922,1.0,0.0,b,16,0,0,56,
mp-569052,,,,0,0,0,56,too_few_inplane_bonds
mp-672352,,,,0,0,0,72,too_few_inplane_bonds
mp-574529,,,,0,0,0,96,too_few_inplane_bonds
mp-540628,,,,0,0,0,96,too_few_inplane_bonds
mp-1193708,,,,0,0,0,90,too_few_inplane_bonds
mp-571623,,,,0,0,0,96,too_few_inplane_bonds
mp-9993,,,,4,4,4,64,too_few_inplane_bonds
mp-3159,,,,4,4,0,24,too_few_inplane_bonds
mp-3807,,,,4,4,4,64,too_few_inplane_bonds
mp-7909,,,,2,2,0,24,too_few_inplane_bonds
mp-607399,,,,0,0,0,112,too_few_inplane_bonds
mp-23434,,,,0,0,0,56,too_few_inplane_bonds
mp-1104053,,,,4,4,4,64,too_few_inplane_bonds
mp-7906,,,,4,4,0,24,too_few_inplane_bonds
mp-3038,,,,4,4,0,24,too_few_inplane_bonds
mp-7910,,,,2,2,0,24,too_few_inplane_bonds
mp-605912,,,,0,0,0,56,too_few_inplane_bonds
mp-675374,1.0,0.0,c,12,12,0,48,
mp-27452,,,,0,0,0,48,too_few_inplane_bonds
mp-1079029,1.0,0.0,c,16,16,0,48,
mp-684638,,,,0,0,0,176,too_few_inplane_bonds
mp-11674,,,,0,8,0,32,too_few_inplane_bonds
mp-685120,1.0,0.0,a,0,0,48,176,
mp-540629,,,,0,0,0,80,too_few_inplane_bonds
mp-1228524,,,,0,0,0,32,too_few_inplane_bonds
mp-29502,,,,0,0,0,128,too_few_inplane_bonds
mp-9254,1.0,0.0,b,12,0,0,20,
mp-568443,,,,0,0,0,56,too_few_inplane_bonds
mp-1228479,,,,2,0,0,24,too_few_inplane_bonds
mp-4842,,,,4,4,4,64,too_few_inplane_bonds
mp-1104860,,,,4,4,4,64,too_few_inplane_bonds
mp-1228454,1.0,0.0,b,12,0,0,24,
mp-7907,,,,0,0,0,24,too_few_inplane_bonds
mp-7908,,,,0,0,0,24,too_few_inplane_bonds
mp-645282,,,,0,0,0,96,too_few_inplane_bonds
mp-646102,,,,0,0,0,48,too_few_inplane_bonds
mp-1228691,1.0,0.0,a,0,20,0,40,
mp-1228721,,,,4,4,0,48,too_few_inplane_bonds
mp-1228699,,,,0,0,0,64,too_few_inplane_bonds
mp-1228170,,,,4,4,4,64,too_few_inplane_bonds
mp-35267,,,,0,0,0,64,too_few_inplane_bonds
mp-37405,,,,2,2,2,64,too_few_inplane_bonds
mp-14506,,,,0,0,0,110,too_few_inplane_bonds
mp-1229020,,,,0,0,0,128,too_few_inplane_bonds
mp-1228964,,,,4,4,0,38,too_few_inplane_bonds
mp-5782,,,,4,4,0,32,too_few_inplane_bonds
mp-14091,,,,4,4,0,32,too_few_inplane_bonds
mp-1228963,0.8333333333333334,0.1666666666666666,a,2,2,12,24,
mp-14092,,,,0,0,0,32,too_few_inplane_bonds
mp-2172,,,,0,0,0,8,too_few_total_bonds
mp-8881,,,,0,0,0,16,too_few_total_bonds
mp-567734,,,,0,0,0,104,too_few_inplane_bonds
mp-558360,,,,0,0,0,56,too_few_inplane_bonds
mp-628665,,,,0,0,0,52,too_few_inplane_bonds
mp-1228925,,,,0,0,0,16,too_few_total_bonds
mp-1228984,,,,4,4,4,38,too_few_inplane_bonds
mp-1102536,,,,0,0,0,32,too_few_inplane_bonds
mp-1228980,,,,0,0,0,24,too_few_inplane_bonds
mp-4979,,,,0,0,0,32,too_few_inplane_bonds
mp-8016,,,,0,0,0,32,too_few_inplane_bonds
mp-1229065,,,,0,0,0,32,too_few_inplane_bonds
mp-1228961,1.0,0.0,a,0,0,16,64,
mp-1229027,1.0,0.0,a,0,0,12,24,
mp-8017,,,,0,0,0,32,too_few_inplane_bonds
mp-1228907,,,,0,0,0,32,too_few_inplane_bonds
mp-1228891,,,,0,0,0,16,too_few_total_bonds
mp-1228888,,,,8,8,0,16,too_few_total_bonds
mp-27935,,,,0,0,0,32,too_few_inplane_bonds
mp-1228935,0.75,0.25,a,4,4,16,32,
mp-1228926,0.875,0.125,a,2,2,16,32,
mp-1229077,,,,2,2,0,32,too_few_inplane_bonds
mp-504482,,,,0,0,0,108,too_few_inplane_bonds
mp-862787,,,,0,0,0,108,too_few_inplane_bonds
mp-1550,,,,0,0,0,8,too_few_total_bonds
mp-8880,,,,0,0,0,16,too_few_total_bonds
mp-568423,,,,0,0,0,64,too_few_inplane_bonds
mp-555805,,,,0,0,0,28,too_few_inplane_bonds
mp-1018100,,,,0,0,0,16,too_few_total_bonds
mp-2624,,,,0,0,0,8,too_few_total_bonds
mp-1194909,,,,0,0,0,84,too_few_inplane_bonds
mp-1192837,,,,0,0,0,60,too_few_inplane_bonds
mp-28118,,,,8,0,0,32,too_few_inplane_bonds
mp-29408,,,,0,0,0,28,too_few_inplane_bonds
mp-31220,,,,0,0,0,38,too_few_inplane_bonds
mp-29407,,,,0,0,0,32,too_few_inplane_bonds
mp-985477,,,,0,0,0,64,too_few_inplane_bonds
mp-863762,,,,0,0,0,88,too_few_inplane_bonds
mp-9579,,,,8,0,0,16,too_few_total_bonds
mp-28159,,,,0,0,0,36,too_few_inplane_bonds
mp-27445,,,,0,0,0,32,too_few_inplane_bonds
mp-558244,,,,0,0,0,24,too_few_inplane_bonds
mp-30934,,,,0,0,0,54,too_few_inplane_bonds
mp-1247873,,,,0,0,0,68,too_few_inplane_bonds
mp-15649,1.0,0.0,b,8,0,8,56,
mp-2455,1.0,0.0,b,16,0,0,28,
mp-19941,1.0,0.0,b,88,0,0,120,
mp-1189572,,,,0,0,0,48,too_few_inplane_bonds
mp-641,,,,0,0,0,48,too_few_inplane_bonds
mp-1078443,1.0,0.0,b,24,0,0,36,
mp-909,,,,0,0,0,48,too_few_inplane_bonds
mp-27594,,,,2,2,2,102,too_few_inplane_bonds
mp-27543,,,,0,0,0,48,too_few_inplane_bonds
mp-557321,,,,0,0,0,48,too_few_inplane_bonds
mp-502,,,,0,0,0,40,too_few_inplane_bonds
mp-1194350,,,,0,0,0,56,too_few_inplane_bonds
mp-31070,,,,0,0,0,72,too_few_inplane_bonds
mp-2761091,,,,0,0,0,40,too_few_inplane_bonds
mp-28647,,,,0,0,0,40,too_few_inplane_bonds
mp-30106,,,,0,0,0,20,too_few_inplane_bonds
mp-23218,,,,0,0,0,12,too_few_total_bonds
mp-31020,,,,0,0,0,28,too_few_inplane_bonds
mp-555340,,,,0,0,0,96,too_few_inplane_bonds
mp-1228823,,,,0,0,0,56,too_few_inplane_bonds
mp-1228810,,,,0,0,0,56,too_few_inplane_bonds
mp-30010,,,,0,0,0,64,too_few_inplane_bonds
mp-1214793,1.0,0.0,a,0,8,8,56,
mp-1214784,1.0,0.0,a,0,8,8,56,
mp-1228801,1.0,0.0,b,16,0,0,28,
mp-1228792,,,,0,0,0,56,too_few_inplane_bonds
mp-1214805,,,,0,0,0,76,too_few_inplane_bonds
mp-1228745,,,,0,0,0,56,too_few_inplane_bonds
mp-1228724,,,,0,0,0,56,too_few_inplane_bonds
mp-1214786,1.0,0.0,a,0,8,8,56,
mp-1214794,1.0,0.0,a,0,8,8,56,
mp-542604,,,,0,0,0,64,too_few_inplane_bonds
mp-542810,,,,0,0,0,64,too_few_inplane_bonds
mp-542846,,,,0,0,0,32,too_few_inplane_bonds
mp-556328,,,,0,0,0,64,too_few_inplane_bonds
mp-557628,,,,0,0,0,64,too_few_inplane_bonds
mp-1191613,,,,0,0,0,56,too_few_inplane_bonds
mp-542570,,,,0,0,0,80,too_few_inplane_bonds
mp-559575,,,,0,0,0,72,too_few_inplane_bonds
mp-1229037,,,,0,0,0,63,too_few_inplane_bonds
mp-23575,,,,0,0,0,84,too_few_inplane_bonds
mp-23569,,,,0,0,0,56,too_few_inplane_bonds
mp-505373,,,,8,0,0,24,too_few_inplane_bonds
mp-554379,,,,0,0,0,88,too_few_inplane_bonds
mp-947,,,,0,0,0,16,too_few_total_bonds
mp-505366,,,,0,0,0,16,too_few_total_bonds
mp-570140,,,,0,4,4,16,too_few_total_bonds
mp-27213,,,,0,0,0,64,too_few_inplane_bonds
mp-30159,,,,0,0,0,32,too_few_inplane_bonds
mp-556112,,,,0,0,0,56,too_few_inplane_bonds
mp-1120780,,,,0,0,0,16,too_few_total_bonds
mp-32780,,,,0,4,4,16,too_few_total_bonds
mp-541656,,,,0,0,0,28,too_few_inplane_bonds
mp-27647,,,,0,0,0,32,too_few_inplane_bonds
mp-27725,,,,0,0,0,16,too_few_total_bonds
mp-28192,,,,0,0,0,48,too_few_inplane_bonds
mp-556587,,,,0,0,0,56,too_few_inplane_bonds
mp-27199,,,,0,0,0,64,too_few_inplane_bonds
mp-28372,,,,0,0,0,64,too_few_inplane_bonds
mp-572670,,,,0,0,0,96,too_few_inplane_bonds
mp-1203749,,,,0,0,0,84,too_few_inplane_bonds
mp-28395,,,,0,0,0,80,too_few_inplane_bonds
mp-685043,,,,0,0,0,36,too_few_inplane_bonds
mp-1008559,,,,0,0,0,16,too_few_total_bonds
mp-1479,,,,0,0,0,8,too_few_total_bonds
mp-567433,,,,0,0,0,56,too_few_inplane_bonds
mp-1197482,,,,0,0,0,80,too_few_inplane_bonds
mp-27724,,,,0,0,0,16,too_few_total_bonds
mp-1228703,,,,0,4,0,34,too_few_inplane_bonds
mp-1214789,,,,0,0,0,48,too_few_inplane_bonds
mp-8579,,,,0,0,0,28,too_few_inplane_bonds
mp-18501,1.0,0.0,b,96,0,0,156,
mp-28505,,,,0,0,0,64,too_few_inplane_bonds
mp-38394,0.5,0.5,b,16,8,8,32,
mp-570823,1.0,0.0,c,12,12,0,56,
mp-8279,,,,0,0,0,28,too_few_inplane_bonds
mp-4255,,,,0,0,0,32,too_few_inplane_bonds
mp-5970,1.0,0.0,b,104,0,0,156,
mp-30133,1.0,0.0,b,104,0,0,156,
mp-1193410,1.0,0.0,b,112,0,0,160,
mp-1193797,1.0,0.0,b,112,0,0,160,
mp-17927,1.0,0.0,b,112,0,0,160,
mp-1192439,1.0,0.0,b,112,0,0,160,
mp-1192805,1.0,0.0,b,112,0,0,160,
mp-17928,1.0,0.0,b,112,0,0,160,
mp-1183302,,,,0,0,0,96,too_few_inplane_bonds
mp-1105728,,,,0,0,0,96,too_few_inplane_bonds
mp-7841,1.0,0.0,c,16,16,0,64,
mp-38117,0.5,0.5,b,16,8,8,32,
mp-1192904,1.0,0.0,b,112,0,0,160,
mp-1194410,1.0,0.0,b,112,0,0,160,
mp-1182773,1.0,0.0,b,112,0,0,160,
mp-27809,,,,0,0,0,104,too_few_inplane_bonds
mp-1193583,1.0,0.0,b,112,0,0,160,
mp-17273,1.0,0.0,b,112,0,0,160,
mp-21943,,,,0,0,0,256,too_few_inplane_bonds
mp-21766,,,,0,0,0,256,too_few_inplane_bonds
mp-21183,1.0,0.0,c,16,16,0,64,
mp-33985,0.5,0.5,c,16,16,8,32,
mp-33615,0.5,0.5,a,8,8,16,96,
mp-37741,0.5,0.5,a,8,8,16,96,
mp-984052,1.0,0.0,b,112,0,0,160,
mp-1192674,1.0,0.0,b,112,0,0,160,
mp-1192634,1.0,0.0,b,112,0,0,160,
mp-8280,,,,0,0,0,28,too_few_inplane_bonds
mp-8278,,,,0,0,0,28,too_few_inplane_bonds
mp-9567,,,,0,0,0,28,too_few_inplane_bonds
mp-866306,1.0,0.0,b,112,0,0,160,
mp-36007,0.5,0.5,a,8,8,16,96,
mp-28967,1.0,0.0,c,8,8,0,72,
mp-36223,0.5,0.5,a,8,8,16,96,
mp-33606,0.5,0.5,a,8,8,16,96,
mp-28129,,,,0,0,0,264,too_few_inplane_bonds
mp-4727,1.0,0.0,a,0,64,0,268,
mp-17501,1.0,0.0,b,112,0,0,160,
mp-1194376,1.0,0.0,b,112,0,0,160,
mp-1193757,1.0,0.0,b,112,0,0,160,
mp-17786,1.0,0.0,b,112,0,0,160,
mp-1193223,1.0,0.0,b,112,0,0,160,
mp-17153,1.0,0.0,b,112,0,0,160,
mp-1193579,1.0,0.0,b,112,0,0,160,
mp-1193169,1.0,0.0,b,112,0,0,160,
mp-18196,1.0,0.0,b,112,0,0,160,
mp-29036,1.0,0.0,b,112,0,0,160,
mp-1193099,1.0,0.0,b,112,0,0,160,
mp-17872,1.0,0.0,b,112,0,0,160,
mp-676580,1.0,0.0,b,32,0,0,295,
mp-676889,1.0,0.0,b,32,0,0,256,
mp-1197065,,,,0,0,0,308,too_few_inplane_bonds
mp-1228614,1.0,0.0,b,96,0,0,164,
mp-28348,,,,0,0,0,184,too_few_inplane_bonds
mp-861937,,,,0,0,0,32,too_few_inplane_bonds
mp-18309,1.0,0.0,b,96,0,0,144,
mp-16870,1.0,0.0,b,96,0,0,144,
mp-16904,1.0,0.0,b,96,0,0,144,
mp-1105698,,,,0,0,0,104,too_few_inplane_bonds
mp-1106127,1.0,0.0,c,56,56,0,104,
mp-1189860,1.0,0.0,c,56,56,0,102,
mp-1105790,,,,0,0,4,104,too_few_inplane_bonds
mp-1188122,1.0,0.0,c,56,56,0,104,
mp-1106146,1.0,0.0,c,56,56,0,102,
mp-1202506,,,,0,0,0,184,too_few_inplane_bonds
mp-1199946,,,,0,0,0,184,too_few_inplane_bonds
mp-1195309,,,,0,0,0,184,too_few_inplane_bonds
mp-1201906,,,,0,0,0,200,too_few_inplane_bonds
mp-1203584,,,,0,0,0,208,too_few_inplane_bonds
mp-1202829,,,,0,0,0,208,too_few_inplane_bonds
mp-1199702,1.0,0.0,b,64,0,0,328,
mp-1203806,,,,0,0,0,192,too_few_inplane_bonds
mp-1203387,,,,0,0,0,192,too_few_inplane_bonds
mp-1200935,,,,0,0,0,192,too_few_inplane_bonds
mp-1195574,1.0,0.0,b,64,0,0,328,
mp-29084,1.0,0.0,a,0,16,0,200,
mp-1190156,,,,0,0,0,104,too_few_inplane_bonds
mp-1105573,,,,0,0,0,104,too_few_inplane_bonds
mp-570803,1.0,0.0,c,16,4,0,80,
mp-18335,,,,0,0,0,184,too_few_inplane_bonds
mp-17885,,,,0,0,0,196,too_few_inplane_bonds
mp-8195,1.0,0.0,a,0,32,0,132,
mp-8194,1.0,0.0,a,0,28,0,120,
mp-540805,1.0,0.0,b,32,0,0,168,
mp-11902,1.0,0.0,c,6,16,0,82,
mp-1018651,,,,0,0,0,40,too_few_inplane_bonds
mp-9321,1.0,0.0,c,20,20,0,48,
mp-18008,1.0,0.0,b,96,0,0,144,
mp-1194545,,,,0,0,0,176,too_few_inplane_bonds
mp-1197611,,,,8,0,0,172,too_few_inplane_bonds
mp-864638,1.0,0.0,c,56,56,0,104,
mp-1105202,1.0,0.0,c,56,56,0,104,
mp-1193204,1.0,0.0,b,32,0,0,164,
mp-1189339,1.0,0.0,c,56,56,0,100,
mp-1203298,1.0,0.0,b,144,0,0,200,
mp-553874,1.0,0.0,c,16,16,0,76,
mp-16905,1.0,0.0,b,96,0,0,144,
mp-1205400,1.0,0.0,c,56,56,0,102,
mp-1105535,1.0,0.0,c,16,24,0,116,
mp-569613,1.0,0.0,c,16,20,0,112,
mp-1188687,1.0,0.0,c,16,24,0,116,
mp-27869,,,,0,0,0,24,too_few_inplane_bonds
mp-1228477,0.5,0.5,c,16,16,8,120,
mp-14406,,,,0,0,0,200,too_few_inplane_bonds
mp-862631,,,,0,0,0,32,too_few_inplane_bonds
mp-14447,1.0,0.0,c,8,16,0,84,
mp-14448,1.0,0.0,c,4,16,0,80,
mp-1189376,,,,0,0,0,104,too_few_inplane_bonds
mp-1189729,,,,0,0,0,104,too_few_inplane_bonds
mp-1188304,1.0,0.0,c,56,56,0,104,
mp-17918,1.0,0.0,c,16,16,0,136,
mp-541832,,,,4,0,0,156,too_few_inplane_bonds
mp-17805,1.0,0.0,c,16,16,0,136,
mp-1192595,,,,0,8,0,160,too_few_inplane_bonds
mp-1200486,,,,0,0,0,184,too_few_inplane_bonds
mp-1189897,1.0,0.0,c,36,36,0,112,
mp-17908,1.0,0.0,b,24,0,0,148,
mp-560493,0.3333333333333333,0.6666666666666666,c,12,12,8,136,
mp-1104423,1.0,0.0,b,16,0,0,76,
mp-1106265,,,,0,0,0,104,too_few_inplane_bonds
mp-1205397,1.0,0.0,c,56,56,0,104,
mp-1078636,0.5,0.5,b,24,16,32,80,
mp-1190623,1.0,0.0,b,96,0,0,144,
mp-5587,1.0,0.0,b,96,0,0,144,
mp-1190528,1.0,0.0,b,96,0,0,144,
mp-1190380,1.0,0.0,b,96,0,0,144,
mp-568105,,,,0,0,0,96,too_few_inplane_bonds
mp-3813,1.0,0.0,c,20,20,0,48,
mp-1202519,1.0,0.0,b,16,0,0,208,
mp-1202948,1.0,0.0,b,16,0,0,208,
mp-19913,1.0,0.0,a,0,0,16,104,
mp-1228324,1.0,0.0,a,0,32,0,256,
mp-561443,1.0,0.0,c,16,16,0,68,
mp-571415,1.0,0.0,b,48,0,0,268,
mp-11692,,,,8,0,0,100,too_few_inplane_bonds
mp-17470,,,,0,0,0,192,too_few_inplane_bonds
mp-2911,,,,0,0,0,192,too_few_inplane_bonds
mp-601867,,,,0,0,0,192,too_few_inplane_bonds
mp-29354,1.0,0.0,b,32,0,0,242,
mp-1192376,1.0,0.0,c,56,56,0,192,
mp-1192373,1.0,0.0,c,48,48,0,180,
mp-18439,1.0,0.0,c,56,56,0,208,
mp-524,1.0,0.0,b,28,0,0,172,
mp-669415,1.0,0.0,b,184,0,0,264,
mp-1228659,,,,0,0,0,288,too_few_inplane_bonds
mp-1195592,1.0,0.0,b,96,0,0,416,
mp-541715,1.0,0.0,c,56,56,0,192,
mp-1190744,,,,0,0,0,144,too_few_inplane_bonds
mp-1200759,,,,0,0,0,224,too_few_inplane_bonds
mp-620346,1.0,0.0,b,112,0,0,160,
mp-1105941,0.5,0.5,c,16,16,8,120,
mp-772034,,,,8,0,0,240,too_few_inplane_bonds
mp-1195033,1.0,0.0,b,28,0,0,280,
mp-1195,1.0,0.0,b,16,0,0,172,
mp-1195624,,,,0,0,0,256,too_few_inplane_bonds
mp-1194583,,,,0,0,0,256,too_few_inplane_bonds
mp-1214632,,,,0,0,0,144,too_few_inplane_bonds
mp-1191360,,,,0,0,0,144,too_few_inplane_bonds
mp-556291,1.0,0.0,b,28,0,0,256,
mp-540923,1.0,0.0,a,0,8,8,172,
mp-1096842,0.3333333333333333,0.6666666666666666,a,16,16,24,120,
mp-1195068,1.0,0.0,b,16,0,0,252,
mp-1095255,0.9230769230769232,0.0769230769230769,b,26,2,2,70,
mp-9668,0.3333333333333333,0.6666666666666666,a,16,16,24,120,
mp-1190457,,,,0,0,0,144,too_few_inplane_bonds
mp-8570,1.0,0.0,c,28,28,0,288,
mp-569563,,,,0,0,0,216,too_few_inplane_bonds
mp-1195344,1.0,0.0,a,0,0,32,208,
mp-1228309,1.0,0.0,a,0,0,32,240,
mp-554975,1.0,0.0,c,120,120,0,212,
mp-1228102,1.0,0.0,b,16,0,0,80,
mp-1189858,0.1666666666666666,0.8333333333333334,a,60,60,72,112,
mp-1193666,,,,0,0,0,168,too_few_inplane_bonds
mp-1193105,,,,0,0,0,168,too_few_inplane_bonds
mp-1195568,,,,0,0,0,288,too_few_inplane_bonds
mp-1197353,1.0,0.0,b,32,0,0,224,
mp-10409,1.0,0.0,c,120,120,0,216,
mp-28823,,,,0,0,0,320,too_few_inplane_bonds
mp-1228229,1.0,0.0,b,32,0,0,168,
mp-1196887,,,,0,0,0,204,too_few_inplane_bonds
mp-10410,1.0,0.0,c,120,120,0,212,
mp-17513,1.0,0.0,c,120,120,0,212,
mp-1228123,0.4285714285714286,0.5714285714285714,c,14,14,8,116,
mp-1204617,,,,0,0,0,408,too_few_inplane_bonds
mp-557032,0.15,0.85,a,68,68,80,128,
mp-1105201,0.868421052631579,0.131578947368421,a,10,76,36,108,
mp-1105231,1.0,0.0,c,16,8,0,124,
mp-17566,1.0,0.0,c,16,16,0,248,
mp-554688,0.1666666666666666,0.8333333333333334,a,80,80,96,152,
mp-569168,,,,0,0,0,384,too_few_inplane_bonds
mp-570423,,,,0,0,0,304,too_few_inplane_bonds
mp-1202124,,,,0,0,0,296,too_few_inplane_bonds
mp-583221,,,,0,0,0,228,too_few_inplane_bonds
mp-1198460,1.0,0.0,c,8,8,0,304,
mp-1192196,1.0,0.0,c,56,56,0,106,
mp-34034,0.3333333333333333,0.6666666666666666,a,8,8,12,96,
mp-675219,,,,4,4,0,132,too_few_inplane_bonds
mp-673874,,,,4,4,0,132,too_few_inplane_bonds
mp-7394,0.3333333333333333,0.6666666666666666,c,12,12,8,40,
mp-29682,,,,0,0,0,244,too_few_inplane_bonds
mp-1086652,1.0,0.0,c,24,24,0,40,
mp-1190401,1.0,0.0,c,24,24,0,108,
mp-1079647,1.0,0.0,c,24,24,0,40,
mp-16742,1.0,0.0,c,24,24,0,40,
mp-1191234,1.0,0.0,c,6,8,0,80,
mp-866301,1.0,0.0,b,16,0,0,112,
mp-861618,1.0,0.0,c,16,16,0,60,
mp-27365,1.0,0.0,b,144,0,0,240,
mp-1095151,1.0,0.0,c,24,24,0,40,
mp-1079603,1.0,0.0,c,24,24,0,40,
mp-8885,1.0,0.0,b,64,0,0,88,
mp-12306,,,,0,0,0,256,too_few_inplane_bonds
mp-17947,1.0,0.0,c,16,16,0,120,
mp-1080650,1.0,0.0,c,24,24,0,40,
mp-9195,1.0,0.0,c,24,24,0,40,
mp-13287,1.0,0.0,c,24,24,0,40,
mp-9503,,,,0,0,0,72,too_few_inplane_bonds
mp-559025,1.0,0.0,b,40,0,0,68,
mp-14969,1.0,0.0,c,8,8,0,72,
mp-1227970,,,,4,4,4,36,too_few_inplane_bonds
mp-1227978,,,,4,2,4,35,too_few_inplane_bonds
mp-1191072,1.0,0.0,c,12,8,0,92,
mp-19942,1.0,0.0,c,8,8,0,88,
mp-29538,1.0,0.0,c,24,8,0,72,
mp-1102297,,,,0,0,0,72,too_few_inplane_bonds
mp-20157,1.0,0.0,c,8,8,0,72,
mp-1095273,,,,0,0,0,72,too_few_inplane_bonds
mp-28710,,,,0,0,0,112,too_few_inplane_bonds
mp-1194551,1.0,0.0,c,48,32,0,256,
mp-1195469,1.0,0.0,b,64,0,0,192,
mp-1105549,1.0,0.0,c,8,8,0,112,
mp-1383356,0.0,1.0,a,12,12,12,24,
mp-998352,0.0,1.0,a,12,12,12,24,
mp-998419,1.0,0.0,b,80,0,0,112,
mp-28007,1.0,0.0,b,56,0,0,78,
mp-555699,1.0,0.0,a,0,160,0,236,
mp-1201929,1.0,0.0,a,0,160,0,236,
mp-16452,0.3333333333333333,0.6666666666666666,a,16,16,24,120,
mp-18079,1.0,0.0,b,96,0,0,144,
mp-541430,1.0,0.0,b,96,0,0,136,
mp-17063,1.0,0.0,b,96,0,0,136,
mp-1178521,0.6666666666666667,0.3333333333333333,c,24,24,8,72,
mp-755350,1.0,0.0,b,40,0,0,56,
mp-756745,1.0,0.0,c,24,8,0,72,
mp-10616,,,,0,0,12,18,too_few_total_bonds
mp-554076,1.0,0.0,a,0,4,8,120,
mp-10615,,,,0,0,12,18,too_few_total_bonds
mp-13277,,,,0,0,0,36,too_few_inplane_bonds
mp-10485,,,,0,0,0,48,too_few_inplane_bonds
mp-1204333,,,,0,0,0,256,too_few_inplane_bonds
mp-9732,0.7777777777777778,0.2222222222222222,a,8,8,36,54,
mp-1227892,1.0,0.0,a,0,48,0,152,
mp-16455,0.3333333333333333,0.6666666666666666,a,16,16,24,120,
mp-28035,1.0,0.0,c,16,10,0,102,
mp-1105095,1.0,0.0,c,24,32,0,112,
mp-1105406,1.0,0.0,c,16,8,0,108,
mp-7808,0.5,0.5,a,4,8,8,54,
mp-30275,1.0,0.0,c,12,8,0,88,
mp-11008,1.0,0.0,c,16,8,0,100,
mp-30102,,,,0,0,0,96,too_few_inplane_bonds
mp-16454,0.3333333333333333,0.6666666666666666,a,16,16,24,120,
mp-1214381,,,,0,0,0,68,too_few_inplane_bonds
mp-29289,1.0,0.0,c,20,20,0,120,
mp-1500,,,,12,12,12,12,too_few_total_bonds
mp-684,1.0,0.0,a,0,16,0,36,
mp-239,0.75,0.25,b,32,8,8,56,
mp-556296,1.0,0.0,b,40,0,0,88,
mp-558946,1.0,0.0,c,16,12,0,74,
mp-18291,1.0,0.0,b,144,0,0,232,
mp-1103664,1.0,0.0,c,8,8,0,72,
mp-1253,,,,12,12,12,12,too_few_total_bonds
mp-7547,1.0,0.0,c,2,20,0,36,
mp-7548,0.75,0.25,b,32,8,8,56,
mp-1227862,1.0,0.0,b,70,0,0,105,
mp-27802,1.0,0.0,a,0,32,0,168,
mp-1202711,1.0,0.0,b,16,0,0,160,
mp-1227793,1.0,0.0,c,22,10,0,34,
mp-1183390,,,,0,0,0,128,too_few_inplane_bonds
mp-555954,1.0,0.0,c,12,12,0,64,
mp-12181,1.0,0.0,c,24,24,0,72,
mp-1183370,1.0,0.0,b,80,0,0,120,
mp-1095340,1.0,0.0,c,40,40,0,68,
mp-1000,,,,12,12,12,12,too_few_total_bonds
mp-8234,0.875,0.125,b,32,4,4,48,
mp-27499,1.0,0.0,b,16,0,0,96,
mp-1195483,,,,0,0,0,192,too_few_inplane_bonds
mp-6647,,,,0,0,0,72,too_few_inplane_bonds
mp-10337,,,,0,0,0,76,too_few_inplane_bonds
mp-1103275,1.0,0.0,c,8,8,0,72,
mp-1101801,,,,0,0,0,72,too_few_inplane_bonds
mp-10336,,,,0,0,0,72,too_few_inplane_bonds
mp-1214224,,,,0,0,0,72,too_few_inplane_bonds
mp-13593,,,,0,0,0,256,too_few_inplane_bonds
mp-540771,1.0,0.0,c,8,8,0,112,
mp-30096,,,,0,0,0,80,too_few_inplane_bonds
mp-567841,,,,0,0,0,192,too_few_inplane_bonds
mp-1009088,,,,4,4,0,32,too_few_inplane_bonds
mp-1013527,,,,4,4,0,32,too_few_inplane_bonds
mp-27148,,,,0,0,0,96,too_few_inplane_bonds
mp-1009087,,,,0,0,0,32,too_few_inplane_bonds
mp-1009085,,,,0,0,0,32,too_few_inplane_bonds
mp-1009084,,,,4,4,0,32,too_few_inplane_bonds
mp-1009086,0.75,0.25,a,4,4,16,32,
mp-1183441,,,,0,0,0,16,too_few_total_bonds
mp-252,,,,0,0,0,8,too_few_total_bonds
mp-29127,,,,4,0,0,36,too_few_inplane_bonds
mp-1198859,,,,0,0,0,168,too_few_inplane_bonds
mp-582988,,,,0,0,0,82,too_few_inplane_bonds
mp-542522,,,,0,0,0,84,too_few_inplane_bonds
mp-557619,,,,0,0,0,168,too_few_inplane_bonds
mp-28975,,,,0,0,0,156,too_few_inplane_bonds
mp-569308,1.0,0.0,b,16,0,0,182,
mp-1214399,,,,0,0,0,184,too_few_inplane_bonds
mp-1227695,,,,0,0,0,120,too_few_inplane_bonds
mp-629690,,,,0,0,0,104,too_few_inplane_bonds
mp-568819,,,,0,0,0,204,too_few_inplane_bonds
mp-1197111,,,,0,0,0,204,too_few_inplane_bonds
mp-641924,1.0,0.0,b,96,0,0,144,
mp-22856,1.0,0.0,b,64,0,0,88,
mp-29843,,,,0,0,0,112,too_few_inplane_bonds
mp-1227504,1.0,0.0,b,64,0,0,88,
mp-23164,1.0,0.0,b,64,0,0,88,
mp-505564,,,,0,0,0,128,too_few_inplane_bonds
mp-569060,1.0,0.0,c,16,16,0,78,
mp-2647124,0.0,1.0,a,24,24,24,60,
mp-23425,0.0,1.0,a,24,24,24,60,
mp-23099,0.3333333333333333,0.6666666666666666,c,24,24,16,58,
mp-543024,0.2857142857142857,0.7142857142857143,a,20,20,28,54,
mp-607298,0.25,0.75,a,12,12,16,38,
mp-510268,0.0,1.0,a,8,8,8,56,
mp-11694,0.0,1.0,a,8,8,8,68,
mp-1205847,0.0,1.0,a,24,24,24,60,
mp-1078085,1.0,0.0,a,0,0,32,40,
mp-30314,,,,0,0,0,80,too_few_inplane_bonds
mp-1206568,0.0,1.0,a,12,12,12,36,
mp-29806,0.1999999999999999,0.8,a,16,16,20,46,
mp-31285,,,,4,4,0,224,too_few_inplane_bonds
mp-1113355,0.0,1.0,a,24,24,24,72,
mp-1112883,0.0,1.0,a,24,24,24,72,
mp-13992,0.0,1.0,a,8,8,8,68,
mp-14338,0.0,1.0,a,8,8,8,68,
mp-30062,0.0,1.0,a,24,24,24,60,
mp-1539446,,,,0,0,0,80,too_few_inplane_bonds
mp-29216,,,,0,0,0,80,too_few_inplane_bonds
mp-23406,0.0,1.0,a,12,12,12,36,
mp-23060,0.0,1.0,a,24,24,24,60,
mp-1112131,0.0,1.0,a,12,12,12,48,
mp-996941,0.0,1.0,a,12,12,12,48,
mp-1112117,0.0,1.0,a,12,12,12,48,
mp-1112116,0.0,1.0,a,12,12,12,48,
mp-1112004,0.0,1.0,a,12,12,12,48,
mp-653954,,,,0,0,0,276,too_few_inplane_bonds
mp-651741,,,,0,0,0,288,too_few_inplane_bonds
mp-567942,0.0,1.0,a,12,12,12,36,
mp-540703,1.0,0.0,b,48,0,0,72,
mp-1079600,0.75,0.25,c,16,16,4,68,
mp-1193140,1.0,0.0,c,32,48,0,192,
mp-1078965,0.6666666666666667,0.3333333333333333,a,8,8,24,68,
mp-1080614,0.6666666666666667,0.3333333333333333,b,24,8,8,68,
mp-27146,,,,0,0,0,248,too_few_inplane_bonds
mp-1226852,,,,4,0,0,164,too_few_inplane_bonds
mp-1112938,0.0,1.0,a,24,24,24,72,
mp-1112923,0.0,1.0,a,24,24,24,72,
mp-1113520,0.0,1.0,a,24,24,24,72,
mp-1113068,0.0,1.0,a,24,24,24,72,
mp-1112484,0.0,1.0,a,12,12,12,48,
mp-1011695,,,,0,0,0,16,too_few_total_bonds
mp-1011696,1.0,0.0,b,48,0,0,72,
mp-1011709,1.0,0.0,c,48,8,0,72,
mp-7449,0.75,0.25,c,16,16,4,68,
mp-541055,1.0,0.0,c,32,40,0,184,
mp-573721,0.3333333333333333,0.6666666666666666,a,16,24,16,72,
mp-8932,0.3333333333333333,0.6666666666666666,a,16,24,16,72,
mp-637251,0.8,0.2,b,20,4,8,72,
mp-561641,0.0,1.0,a,16,16,16,104,
mp-561185,0.5,0.5,c,8,8,4,66,
mp-1195304,1.0,0.0,a,0,32,0,160,
mp-1195323,1.0,0.0,b,20,0,0,228,
mp-8934,0.3333333333333333,0.6666666666666666,a,16,24,16,72,
mp-568403,1.0,0.0,a,0,36,24,134,
mp-641923,0.0,1.0,a,24,24,24,60,
mp-1103379,0.75,0.25,b,16,4,12,60,
mp-28877,1.0,0.0,b,36,0,0,188,
mp-569879,0.0,1.0,a,6,6,6,102,
mp-1205840,0.0,1.0,a,12,12,12,36,
mp-1206848,0.0,1.0,a,24,24,24,60,
mp-573763,1.0,0.0,c,48,8,0,72,
mp-505634,0.75,0.25,c,16,16,4,68,
mp-574138,,,,0,0,4,156,too_few_inplane_bonds
mp-23405,0.0,1.0,a,24,24,24,60,
mp-540957,0.0,1.0,a,24,24,24,60,
mp-1202720,1.0,0.0,a,0,12,0,280,
mp-640389,,,,0,0,0,254,too_few_inplane_bonds
mp-10488,1.0,0.0,c,32,32,0,112,
mp-10489,1.0,0.0,c,32,32,0,112,
mp-680170,,,,0,0,0,186,too_few_inplane_bonds
mp-27828,0.0,1.0,a,12,12,12,36,
mp-1206662,0.0,1.0,a,12,12,12,36,
mp-3247,0.75,0.25,b,8,2,2,64,
mp-1112112,0.0,1.0,a,24,24,24,72,
mp-1112502,0.0,1.0,a,24,24,24,72,
mp-1112544,0.0,1.0,a,24,24,24,72,
mp-1112498,0.0,1.0,a,12,12,12,48,
mp-1112109,0.0,1.0,a,12,12,12,48,
mp-1112501,0.0,1.0,a,12,12,12,48,
mp-541696,1.0,0.0,b,32,0,0,208,
mp-996944,0.0,1.0,a,24,24,24,72,
mp-1112107,0.0,1.0,a,12,12,12,48,
mp-1112108,0.0,1.0,a,12,12,12,48,
mp-1112003,0.0,1.0,a,24,24,24,72,
mp-1112551,0.0,1.0,a,24,24,24,72,
mp-1112105,0.0,1.0,a,12,12,12,48,
mp-1111447,0.0,1.0,a,24,24,24,72,
mp-8684,0.0,1.0,a,16,16,16,96,
mp-17361,1.0,0.0,b,32,0,0,144,
mp-1112931,0.0,1.0,a,24,24,24,72,
mp-1111878,0.0,1.0,a,24,24,24,72,
mp-1199216,1.0,0.0,b,160,0,0,232,
mp-1194749,1.0,0.0,b,32,0,0,236,
mp-1194701,1.0,0.0,b,32,0,0,240,
mp-1078823,0.8888888888888888,0.1111111111111111,a,2,2,18,60,
mp-1206511,0.0,1.0,a,12,12,12,36,
mp-9856,0.75,0.25,b,8,2,2,64,
mp-1198053,1.0,0.0,b,24,0,0,168,
mp-1226259,1.0,0.0,c,8,8,0,132,
mp-582723,,,,0,0,0,172,too_few_inplane_bonds
mp-619651,,,,0,0,0,144,too_few_inplane_bonds
mp-1193748,1.0,0.0,a,0,40,0,152,
mp-573812,,,,0,0,0,340,too_few_inplane_bonds
mp-1112951,0.0,1.0,a,12,12,12,48,
mp-1201774,,,,0,0,0,152,too_few_inplane_bonds
mp-1196535,1.0,0.0,c,14,8,0,110,
mp-573658,1.0,0.0,c,14,14,0,44,
mp-1229098,0.8,0.2,c,10,10,2,38,
mp-9675,1.0,0.0,c,12,12,0,46,
mp-624214,1.0,0.0,c,48,48,0,192,
mp-669458,1.0,0.0,c,48,48,0,176,
mp-650619,1.0,0.0,c,76,76,0,128,
mp-581738,,,,0,0,0,168,too_few_inplane_bonds
mp-29287,0.5,0.5,c,16,16,8,120,
mp-1105622,0.3333333333333333,0.6666666666666666,a,16,16,24,120,
mp-569323,,,,0,0,0,240,too_few_inplane_bonds
mp-23451,1.0,0.0,c,24,24,0,120,
mp-541738,,,,0,0,0,120,too_few_inplane_bonds
mp-621938,1.0,0.0,c,24,24,0,120,
mp-582423,,,,0,0,0,248,too_few_inplane_bonds
mp-582024,,,,0,0,0,200,too_few_inplane_bonds
mp-23481,,,,0,0,0,264,too_few_inplane_bonds
mp-560345,,,,0,0,0,252,too_few_inplane_bonds
mp-541678,,,,4,0,0,192,too_few_inplane_bonds
mp-1201960,,,,0,0,0,192,too_few_inplane_bonds
mp-542448,1.0,0.0,a,0,32,0,124,
mp-582708,1.0,0.0,a,0,12,0,200,
mp-1193194,,,,0,0,0,172,too_few_inplane_bonds
mp-1193606,,,,0,0,0,180,too_few_inplane_bonds
mp-1203208,,,,0,0,0,196,too_few_inplane_bonds
mp-1197320,1.0,0.0,c,20,20,0,214,
mp-1202741,,,,0,0,0,240,too_few_inplane_bonds
mp-1227054,1.0,0.0,b,176,0,0,248,
mp-1198384,,,,4,0,0,264,too_few_inplane_bonds
mp-569118,0.5,0.5,c,16,16,8,120,
mp-23015,1.0,0.0,c,48,48,0,192,
mp-17707,1.0,0.0,c,44,44,0,212,
mp-683903,,,,0,0,0,150,too_few_inplane_bonds
mp-1213734,,,,0,0,0,252,too_few_inplane_bonds
mp-572442,1.0,0.0,b,32,0,0,288,
mp-541113,,,,4,4,0,288,too_few_inplane_bonds
mp-583193,,,,0,0,0,184,too_few_inplane_bonds
mp-669364,,,,0,0,0,180,too_few_inplane_bonds
mp-1227999,,,,0,0,0,200,too_few_inplane_bonds
mp-10378,,,,0,0,0,24,too_few_inplane_bonds
mp-579560,1.0,0.0,c,24,24,0,96,
mp-27629,1.0,0.0,c,16,16,0,72,
mp-567196,1.0,0.0,c,16,16,0,72,
mp-669473,1.0,0.0,b,32,0,0,320,
mp-23029,1.0,0.0,c,48,48,0,192,
mp-541014,1.0,0.0,c,24,24,0,96,
mp-1226651,1.0,0.0,c,16,16,0,192,
mp-1204783,,,,0,0,0,152,too_few_inplane_bonds
mp-1192816,,,,0,0,0,168,too_few_inplane_bonds
mp-17811,,,,0,0,0,200,too_few_inplane_bonds
mp-1113076,0.0,1.0,a,12,12,12,48,
mp-572833,1.0,0.0,b,40,0,0,308,
mp-1226868,1.0,0.0,b,176,0,0,248,
mp-1226825,1.0,0.0,b,176,0,0,248,
mp-1191952,1.0,0.0,b,32,0,0,124,
mp-1193021,,,,0,0,0,180,too_few_inplane_bonds
mp-1226739,1.0,0.0,b,176,0,0,248,
mp-1226204,1.0,0.0,b,16,0,0,140,
mp-1192769,,,,0,0,0,144,too_few_inplane_bonds
mp-1201357,1.0,0.0,c,104,104,0,180,
mp-1200171,,,,0,0,0,128,too_few_inplane_bonds
mp-1120763,0.0,1.0,a,8,8,8,32,
mp-1226222,1.0,0.0,b,176,0,0,248,
mp-1204981,1.0,0.0,c,18,18,0,208,
mp-1104686,0.8888888888888888,0.1111111111111111,a,4,4,36,90,
mp-1226118,1.0,0.0,c,12,12,0,96,
mp-574485,,,,4,0,0,106,too_few_inplane_bonds
mp-1226418,1.0,0.0,c,32,16,0,96,
mp-1195705,1.0,0.0,c,30,30,0,160,
mp-1200610,1.0,0.0,b,64,0,0,300,
mp-1200567,1.0,0.0,c,16,16,0,216,
mp-1190726,,,,8,0,0,132,too_few_inplane_bonds
mp-1225983,1.0,0.0,c,8,8,0,88,
mp-1192853,,,,0,0,0,184,too_few_inplane_bonds
mp-2646913,1.0,0.0,a,0,24,0,216,
mp-866688,1.0,0.0,a,0,32,0,164,
mp-569193,1.0,0.0,c,30,30,0,156,
mp-652494,,,,2,2,0,212,too_few_inplane_bonds
mp-650137,1.0,0.0,c,8,8,0,256,
mp-505014,1.0,0.0,c,40,40,0,164,
mp-1181839,0.0,1.0,a,14,14,14,102,
mp-579058,1.0,0.0,c,6,6,0,244,
mp-542011,1.0,0.0,c,22,22,0,252,
mp-1226134,1.0,0.0,c,8,8,0,88,
mp-650007,0.8333333333333334,0.1666666666666666,a,4,4,24,192,
mp-680246,1.0,0.0,c,28,28,0,272,
mp-768674,1.0,0.0,c,24,24,0,280,
mp-1203593,,,,0,0,0,256,too_few_inplane_bonds
mp-1199840,1.0,0.0,a,0,0,16,248,
mp-1193337,,,,0,0,0,160,too_few_inplane_bonds
mp-616141,1.0,0.0,b,120,0,0,196,
mp-1202319,1.0,0.0,a,0,112,0,192,
mp-556239,1.0,0.0,a,0,28,44,128,
mp-621112,1.0,0.0,a,0,28,44,128,
mp-628742,1.0,0.0,b,128,0,0,372,
mp-616140,1.0,0.0,b,72,0,0,136,
mp-616135,1.0,0.0,b,48,0,0,100,
mp-1182756,,,,0,0,0,240,too_few_inplane_bonds
mp-1188281,1.0,0.0,b,32,0,0,114,
mp-17120,1.0,0.0,c,8,8,0,156,
mp-541811,1.0,0.0,c,8,8,0,204,
mp-631378,,,,0,0,0,180,too_few_inplane_bonds
mp-1202213,0.0,1.0,a,12,12,12,272,
mp-866615,,,,0,0,0,136,too_few_inplane_bonds
mp-1193928,,,,4,0,0,128,too_few_inplane_bonds
mp-23496,1.0,0.0,b,48,0,0,128,
mp-23454,1.0,0.0,c,24,24,0,52,
mp-571100,1.0,0.0,c,24,24,0,40,
mp-542772,1.0,0.0,c,24,24,0,52,
mp-567558,1.0,0.0,c,24,24,0,40,
mp-865980,1.0,0.0,a,0,16,4,104,
mp-554408,1.0,0.0,c,6,6,0,192,
mp-18105,1.0,0.0,c,36,8,0,140,
mp-1189272,1.0,0.0,a,0,12,12,76,
mp-645172,1.0,0.0,b,24,0,0,204,
mp-28563,1.0,0.0,b,40,0,0,192,
mp-581864,1.0,0.0,a,0,48,0,176,
mp-9384,0.3333333333333333,0.6666666666666666,a,8,8,12,36,
mp-9386,0.3333333333333333,0.6666666666666666,a,8,8,12,36,
mp-569548,0.4444444444444444,0.5555555555555556,a,20,20,36,60,
mp-23484,0.4444444444444444,0.5555555555555556,a,20,20,36,60,
mp-1095499,1.0,0.0,c,20,8,0,48,
mp-28453,0.3333333333333333,0.6666666666666666,a,24,24,36,68,
mp-1077383,0.3333333333333333,0.6666666666666666,c,12,12,8,36,
mp-574599,0.3333333333333333,0.6666666666666666,c,12,12,8,44,
mp-567913,0.25,0.75,a,12,12,16,64,
mp-573358,1.0,0.0,c,12,8,0,76,
mp-1192526,1.0,0.0,b,32,0,0,184,
mp-1192754,1.0,0.0,b,24,0,0,124,
mp-29531,1.0,0.0,b,144,0,0,208,
mp-567928,1.0,0.0,b,144,0,0,208,
mp-1226121,1.0,0.0,c,56,56,0,122,
mp-541378,1.0,0.0,c,8,8,0,88,
mp-27641,1.0,0.0,b,48,0,0,96,
mp-560558,1.0,0.0,a,0,0,16,64,
mp-570231,0.0,1.0,a,20,20,20,36,
mp-568544,0.0,1.0,a,20,20,20,36,
mp-619015,1.0,0.0,c,32,32,0,168,
mp-1195350,,,,0,0,0,224,too_few_inplane_bonds
mp-510569,1.0,0.0,c,8,8,0,72,
mp-1103473,,,,4,4,4,40,too_few_inplane_bonds
mp-558907,1.0,0.0,c,8,8,0,88,
mp-1196438,,,,0,0,0,240,too_few_inplane_bonds
mp-23017,0.8333333333333334,0.1666666666666666,b,24,4,4,64,
mp-23065,0.8333333333333334,0.1666666666666666,b,24,4,4,64,
mp-23431,0.8333333333333334,0.1666666666666666,b,24,4,4,64,
mp-579536,1.0,0.0,c,16,4,0,56,
mp-7786,,,,0,0,0,24,too_few_inplane_bonds
mp-23032,1.0,0.0,c,44,44,0,192,
mp-2456411,0.5,0.5,c,8,8,4,36,
mp-1198842,,,,0,4,0,172,too_few_inplane_bonds
mp-1201069,,,,0,0,0,180,too_few_inplane_bonds
mp-18003,1.0,0.0,b,16,0,0,84,
mp-1199244,1.0,0.0,b,22,0,0,140,
mp-17095,1.0,0.0,c,20,8,0,104,
mp-1213683,,,,0,0,0,100,too_few_inplane_bonds
mp-1190421,1.0,0.0,c,24,24,0,128,
mp-1190785,1.0,0.0,c,24,24,0,132,
mp-18672,1.0,0.0,c,24,24,0,128,
mp-11122,1.0,0.0,c,8,8,0,72,
mp-12487,,,,0,0,0,72,too_few_inplane_bonds
mp-9086,,,,0,0,0,24,too_few_inplane_bonds
mp-984555,,,,0,0,0,48,too_few_inplane_bonds
mp-1102146,1.0,0.0,c,8,8,0,72,
mp-510462,1.0,0.0,c,8,8,0,72,
mp-569903,1.0,0.0,c,12,12,0,180,
mp-571010,1.0,0.0,c,12,12,0,180,
mp-1190252,1.0,0.0,c,24,24,0,128,
mp-18540,1.0,0.0,c,24,24,0,132,
mp-542482,1.0,0.0,c,24,24,0,132,
mp-719958,1.0,0.0,c,20,20,0,132,
mp-17410,1.0,0.0,b,144,0,0,200,
mp-12488,,,,0,0,0,72,too_few_inplane_bonds
mp-561751,,,,0,0,0,24,too_few_inplane_bonds
mp-568606,1.0,0.0,c,8,8,0,168,
mp-7155,,,,8,0,0,72,too_few_inplane_bonds
mp-569107,,,,8,0,0,72,too_few_inplane_bonds
mp-29613,,,,0,0,0,192,too_few_inplane_bonds
mp-1190817,,,,0,4,0,136,too_few_inplane_bonds
mp-638685,1.0,0.0,c,8,8,0,112,
mp-1068377,0.0,1.0,a,12,12,12,24,
mp-1213351,,,,8,0,0,76,too_few_inplane_bonds
mp-27570,,,,8,0,0,76,too_few_inplane_bonds
mp-568620,1.0,0.0,a,0,24,16,88,
mp-1225982,,,,4,4,4,93,too_few_inplane_bonds
mp-510283,1.0,0.0,a,0,20,8,76,
mp-17688,1.0,0.0,c,16,16,0,192,
mp-1190455,1.0,0.0,c,24,24,0,128,
mp-1190996,1.0,0.0,c,24,24,0,128,
mp-1104011,,,,0,0,0,72,too_few_inplane_bonds
mp-9084,,,,0,0,0,24,too_few_inplane_bonds
mp-630711,1.0,0.0,c,24,24,0,144,
mp-1104469,1.0,0.0,c,8,8,0,72,
mp-553970,1.0,0.0,b,16,0,0,128,
mp-1068340,,,,10,10,10,18,too_few_total_bonds
mp-570223,0.0,1.0,a,20,20,20,36,
mp-642739,,,,10,10,10,18,too_few_total_bonds
mp-22988,,,,10,10,10,18,too_few_total_bonds
mp-28377,,,,10,10,12,18,too_few_total_bonds
mp-642690,0.1428571428571429,0.8571428571428571,c,14,14,12,24,
mp-619510,1.0,0.0,c,28,2,0,64,
mp-1194175,1.0,0.0,c,30,30,0,132,
mp-1197432,1.0,0.0,a,0,24,0,220,
mp-1546519,1.0,0.0,a,0,32,0,268,
mp-29845,,,,0,0,0,207,too_few_inplane_bonds
mp-1225936,,,,0,0,0,72,too_few_inplane_bonds
mp-1213418,1.0,0.0,c,12,12,0,180,
mp-1190472,1.0,0.0,c,24,24,0,128,
mp-1192367,1.0,0.0,c,24,24,0,132,
mp-672258,1.0,0.0,c,24,12,0,132,
mp-18505,1.0,0.0,b,144,0,0,200,
mp-12490,,,,0,0,0,72,too_few_inplane_bonds
mp-1213649,1.0,0.0,c,8,8,0,72,
mp-1078726,,,,0,0,0,48,too_few_inplane_bonds
mp-505158,,,,0,0,0,24,too_few_inplane_bonds
mp-505712,1.0,0.0,c,8,8,0,72,
mp-579556,,,,8,0,0,72,too_few_inplane_bonds
mp-22876,1.0,0.0,b,48,0,0,96,
mp-571011,,,,8,0,0,116,too_few_inplane_bonds
mp-22990,,,,0,0,0,20,too_few_inplane_bonds
mp-22007,1.0,0.0,b,48,0,0,78,
mp-1112338,0.0,1.0,a,24,24,24,72,
mp-1112961,0.0,1.0,a,24,24,24,72,
mp-1194853,1.0,0.0,c,8,8,0,240,
mp-998430,,,,4,0,0,80,too_few_inplane_bonds
mp-607987,1.0,0.0,a,0,36,16,108,
mp-559459,1.0,0.0,c,16,16,0,192,
mp-1200720,1.0,0.0,c,16,16,0,192,
mp-1199743,,,,4,4,0,168,too_few_inplane_bonds
mp-1183938,0.0,1.0,a,6,6,6,30,
mp-581024,0.0,1.0,a,6,6,6,30,
mp-1213403,1.0,0.0,c,12,12,0,180,
mp-1213395,1.0,0.0,c,12,12,0,180,
mp-505815,1.0,0.0,c,8,8,0,96,
mp-12491,,,,0,0,0,72,too_few_inplane_bonds
mp-11124,,,,0,0,0,72,too_few_inplane_bonds
mp-510460,1.0,0.0,c,8,8,0,72,
mp-1225894,0.5,0.5,a,8,8,16,24,
mp-1213352,1.0,0.0,c,12,12,0,180,
mp-570921,1.0,0.0,c,8,8,0,168,
mp-1213389,1.0,0.0,c,12,12,0,180,
mp-581696,1.0,0.0,c,24,24,0,132,
mp-12492,,,,0,0,0,72,too_few_inplane_bonds
mp-1087532,,,,0,0,0,48,too_few_inplane_bonds
mp-561619,,,,0,0,0,24,too_few_inplane_bonds
mp-567499,,,,4,4,4,120,too_few_inplane_bonds
mp-23336,0.0,1.0,a,14,14,14,72,
mp-1204512,,,,0,0,0,224,too_few_inplane_bonds
mp-1213398,,,,0,0,0,174,too_few_inplane_bonds
mp-1199497,,,,0,0,0,240,too_few_inplane_bonds
mp-6973,0.8333333333333334,0.1666666666666666,c,24,24,4,36,
mp-8658,0.8333333333333334,0.1666666666666666,c,24,24,4,36,
mp-5339,0.8333333333333334,0.1666666666666666,c,24,24,4,36,
mp-505321,1.0,0.0,c,64,16,0,200,
mp-641699,,,,8,0,0,248,too_few_inplane_bonds
mp-1195822,,,,8,0,0,256,too_few_inplane_bonds
mp-582146,1.0,0.0,c,8,4,0,132,
mp-1213080,1.0,0.0,c,12,12,0,48,
mp-1190370,1.0,0.0,c,24,24,0,128,
mp-862772,1.0,0.0,c,8,8,0,96,
mp-38442,0.0,1.0,a,12,12,12,96,
mp-1103178,,,,0,0,0,72,too_few_inplane_bonds
mp-510065,,,,0,0,0,72,too_few_inplane_bonds
mp-1095172,,,,0,0,0,48,too_few_inplane_bonds
mp-9081,,,,0,0,0,24,too_few_inplane_bonds
mp-11742,,,,0,0,0,24,too_few_inplane_bonds
mp-12342,,,,8,0,0,72,too_few_inplane_bonds
mp-22950,0.3333333333333333,0.6666666666666666,a,8,8,12,48,
mp-1201790,,,,0,0,0,168,too_few_inplane_bonds
mp-1213206,,,,0,0,0,168,too_few_inplane_bonds
mp-562569,1.0,0.0,c,20,8,0,96,
mp-1193277,1.0,0.0,c,24,8,0,100,
mp-504838,0.5,0.5,b,16,8,8,40,
mp-1225967,1.0,0.0,a,0,16,0,128,
mp-1238789,0.6666666666666667,0.3333333333333333,a,8,8,24,72,
mp-1014168,0.3333333333333333,0.6666666666666666,a,16,16,24,56,
mp-1120725,0.6666666666666667,0.3333333333333333,a,8,8,24,56,
mp-567629,1.0,0.0,c,8,8,0,112,
mp-600089,0.0,1.0,a,20,20,20,36,
mp-23037,0.0,1.0,a,20,20,20,36,
mp-675022,0.0,1.0,a,20,20,20,36,
mp-675524,0.6666666666666667,0.3333333333333333,b,24,8,24,56,
mp-2646981,0.4,0.6,b,20,12,12,28,
mp-1069538,0.0,1.0,a,20,20,20,36,
mp-1120768,1.0,0.0,c,8,8,0,112,
mp-29988,1.0,0.0,b,40,0,0,124,
mp-29882,1.0,0.0,a,0,20,32,104,
mp-1213382,1.0,0.0,c,12,12,0,180,
mp-1190295,1.0,0.0,c,24,24,0,128,
mp-1190682,,,,0,6,0,118,too_few_inplane_bonds
mp-11118,1.0,0.0,c,8,8,0,72,
mp-12494,,,,0,0,0,72,too_few_inplane_bonds
mp-7211,,,,0,0,0,72,too_few_inplane_bonds
mp-9037,,,,0,0,0,48,too_few_inplane_bonds
mp-9080,,,,0,0,0,24,too_few_inplane_bonds
mp-12341,,,,8,0,0,72,too_few_inplane_bonds
mp-573316,0.0,1.0,a,20,20,20,84,
mp-984761,0.0,1.0,a,6,6,6,30,
mp-683890,,,,0,0,4,180,too_few_inplane_bonds
mp-1202357,1.0,0.0,a,0,0,12,192,
mp-568854,,,,0,0,0,162,too_few_inplane_bonds
mp-29266,,,,0,0,0,26,too_few_inplane_bonds
mp-1188913,1.0,0.0,b,64,0,0,104,
mp-1204039,1.0,0.0,b,64,0,0,228,
mp-573514,1.0,0.0,c,32,16,0,104,
mp-567583,1.0,0.0,c,12,8,0,48,
mp-561639,1.0,0.0,c,16,16,0,104,
mp-28701,1.0,0.0,a,0,40,0,148,
mp-2969,1.0,0.0,a,0,16,16,104,
mp-2014596,1.0,0.0,c,18,2,0,50,
mp-998413,1.0,0.0,a,0,16,4,52,
mp-558426,1.0,0.0,b,16,0,0,124,
mp-570957,1.0,0.0,c,18,18,0,78,
mp-1213498,1.0,0.0,c,12,12,0,180,
mp-1191238,1.0,0.0,c,24,24,0,128,
mp-16445,1.0,0.0,c,8,8,0,96,
mp-510062,,,,0,0,0,72,too_few_inplane_bonds
mp-12497,,,,0,0,0,72,too_few_inplane_bonds
mp-556979,1.0,0.0,c,16,16,0,152,
mp-1192812,1.0,0.0,c,24,16,0,152,
mp-7212,,,,0,0,0,72,too_few_inplane_bonds
mp-574651,,,,8,0,0,72,too_few_inplane_bonds
mp-9082,,,,0,0,0,24,too_few_inplane_bonds
mp-505709,,,,8,0,0,72,too_few_inplane_bonds
mp-12343,,,,8,0,0,72,too_few_inplane_bonds
mp-23467,0.0,1.0,a,8,8,8,72,
mp-1247749,1.0,0.0,c,8,8,0,112,
mp-27214,0.0,1.0,a,20,20,20,36,
mp-1070375,0.0,1.0,a,20,20,20,36,
mp-27381,1.0,0.0,b,80,0,0,120,
mp-568570,1.0,0.0,c,16,8,0,104,
mp-616378,0.6666666666666667,0.3333333333333333,b,24,8,8,56,
mp-1193634,1.0,0.0,c,16,16,0,88,
mp-561710,0.5833333333333333,0.4166666666666667,c,24,12,10,52,
mp-1542038,0.6666666666666667,0.3333333333333333,b,24,8,12,50,
mp-613162,0.6666666666666667,0.3333333333333333,c,24,16,8,54,
mp-505322,1.0,0.0,c,64,16,0,200,
mp-865606,0.75,0.25,c,8,8,2,66,
mp-606510,1.0,0.0,c,16,8,0,48,
mp-1225870,0.3333333333333333,0.6666666666666666,a,8,8,12,48,
mp-1213369,1.0,0.0,c,12,12,0,180,
mp-542164,1.0,0.0,c,24,24,0,128,
mp-6182,1.0,0.0,c,24,24,0,132,
mp-11121,1.0,0.0,c,8,8,0,72,
mp-12495,,,,0,0,0,72,too_few_inplane_bonds
mp-9085,,,,0,0,0,24,too_few_inplane_bonds
mp-972199,,,,0,0,0,48,too_few_inplane_bonds
mp-573710,1.0,0.0,c,8,8,0,72,
mp-638078,,,,8,0,0,72,too_few_inplane_bonds
mp-1198737,1.0,0.0,a,0,0,12,192,
mp-8361,1.0,0.0,c,64,32,0,68,
mp-1178386,1.0,0.0,c,12,24,0,112,
mp-1541909,1.0,0.0,b,24,0,8,32,
mp-573755,0.8571428571428572,0.1428571428571428,c,28,8,4,36,
mp-9462,1.0,0.0,c,24,16,0,108,
mp-645687,1.0,0.0,c,10,10,0,156,
mp-570706,1.0,0.0,c,8,16,0,100,
mp-1112177,0.0,1.0,a,24,24,24,72,
mp-573702,1.0,0.0,c,16,16,0,96,
mp-1112176,0.0,1.0,a,24,24,24,72,
mp-28332,1.0,0.0,a,0,24,8,84,
mp-1213394,1.0,0.0,c,16,16,0,192,
mp-1213326,1.0,0.0,c,12,12,0,180,
mp-581749,1.0,0.0,c,24,24,0,132,
mp-12496,,,,0,0,0,72,too_few_inplane_bonds
mp-1078990,,,,0,0,0,48,too_few_inplane_bonds
mp-9089,,,,0,0,0,24,too_few_inplane_bonds
mp-505713,1.0,0.0,c,8,8,0,72,
mp-1103187,,,,8,0,0,72,too_few_inplane_bonds
mp-23038,0.3333333333333333,0.6666666666666666,a,8,8,12,48,
mp-22991,0.3333333333333333,0.6666666666666666,a,16,16,24,72,
mp-1213375,1.0,0.0,c,12,12,0,180,
mp-1199735,1.0,0.0,c,204,204,0,308,
mp-11116,1.0,0.0,c,8,8,0,72,
mp-11123,,,,0,0,0,72,too_few_inplane_bonds
mp-1213646,1.0,0.0,c,8,8,0,72,
mp-574620,1.0,0.0,c,8,8,0,72,
mp-1103744,,,,8,0,0,72,too_few_inplane_bonds
mp-1213115,1.0,0.0,c,8,8,0,72,
mp-571410,,,,0,0,0,180,too_few_inplane_bonds
mp-1213469,,,,0,0,0,176,too_few_inplane_bonds
mp-570192,,,,0,0,0,184,too_few_inplane_bonds
mp-1105189,,,,4,0,0,64,too_few_inplane_bonds
mp-560845,,,,0,0,0,56,too_few_inplane_bonds
mp-669445,1.0,0.0,b,88,0,0,174,
mp-1545909,,,,2,2,0,24,too_few_inplane_bonds
mp-23353,0.6666666666666667,0.3333333333333333,a,4,4,12,24,
mp-28034,,,,0,0,0,140,too_few_inplane_bonds
mp-683899,,,,0,0,0,184,too_few_inplane_bonds
mp-570817,,,,0,0,0,184,too_few_inplane_bonds
mp-555818,1.0,0.0,c,14,14,0,102,
mp-1225839,,,,0,0,0,48,too_few_inplane_bonds
mp-1225897,,,,0,0,0,96,too_few_inplane_bonds
mp-15895,,,,2,2,0,48,too_few_inplane_bonds
mp-9248,,,,0,0,0,48,too_few_inplane_bonds
mp-557373,0.875,0.125,a,2,2,16,28,
mp-8976,,,,2,2,0,28,too_few_inplane_bonds
mp-1025340,0.8,0.2,a,4,4,20,32,
mp-1225783,,,,2,0,0,64,too_few_inplane_bonds
mp-1225964,1.0,0.0,b,104,0,0,168,
mp-1226127,1.0,0.0,b,100,0,0,164,
mp-29666,,,,0,0,0,24,too_few_inplane_bonds
mp-30097,1.0,0.0,b,20,0,0,82,
mp-703866,1.0,0.0,b,20,0,0,84,
mp-31406,1.0,0.0,c,12,12,0,24,
mp-1204919,,,,0,0,0,112,too_few_inplane_bonds
mp-1193877,,,,0,0,0,72,too_few_inplane_bonds
mp-623135,,,,4,0,0,80,too_few_inplane_bonds
mp-773980,,,,0,0,0,68,too_few_inplane_bonds
mp-29857,1.0,0.0,c,40,40,0,64,
mp-1227512,1.0,0.0,b,64,0,0,88,
mp-1227434,,,,0,0,0,48,too_few_inplane_bonds
mp-1227536,,,,0,0,0,46,too_few_inplane_bonds
mp-1227510,,,,0,0,0,44,too_few_inplane_bonds
mp-1190436,,,,4,4,0,132,too_few_inplane_bonds
mp-1227567,,,,4,4,0,54,too_few_inplane_bonds
mp-541772,1.0,0.0,c,6,6,0,54,
mp-541979,,,,0,0,0,74,too_few_inplane_bonds
mp-541774,,,,0,0,0,94,too_few_inplane_bonds
mp-567414,,,,0,0,0,96,too_few_inplane_bonds
mp-1227425,,,,0,4,0,34,too_few_inplane_bonds
mp-568758,,,,0,0,0,44,too_few_inplane_bonds
mp-28194,,,,0,0,0,40,too_few_inplane_bonds
mp-1369219,,,,0,0,0,48,too_few_inplane_bonds
mp-1881158,,,,0,0,0,24,too_few_inplane_bonds
mp-2023073,,,,0,0,0,48,too_few_inplane_bonds
mp-27743,,,,4,0,0,12,too_few_total_bonds
mp-27708,,,,0,0,0,48,too_few_inplane_bonds
mp-568388,,,,0,0,0,24,too_few_inplane_bonds
mp-1106279,,,,0,0,0,48,too_few_inplane_bonds
mp-569157,,,,0,0,0,24,too_few_inplane_bonds
mp-1102836,,,,0,0,0,56,too_few_inplane_bonds
mp-1103228,,,,0,0,0,56,too_few_inplane_bonds
mp-30012,,,,0,0,0,64,too_few_inplane_bonds
mp-27133,,,,0,0,0,144,too_few_inplane_bonds
mp-971673,,,,8,0,0,44,too_few_inplane_bonds
mp-23324,1.0,0.0,b,32,0,0,40,
mp-23318,1.0,0.0,b,32,0,0,40,
mp-23514,1.0,0.0,b,32,0,0,40,
mp-1227565,,,,0,0,0,48,too_few_inplane_bonds
mp-1227486,1.0,0.0,b,64,0,0,88,
mp-1227508,1.0,0.0,b,64,0,0,88,
mp-1095302,1.0,0.0,c,16,16,0,44,
mp-569707,1.0,0.0,b,32,0,0,40,
mp-610491,1.0,0.0,b,32,0,0,48,
mp-23020,1.0,0.0,b,32,0,0,40,
mp-33723,,,,0,0,0,12,too_few_total_bonds
mp-28944,,,,0,0,0,24,too_few_inplane_bonds
mp-22965,,,,0,0,0,12,too_few_total_bonds
mp-1196930,,,,0,0,0,64,too_few_inplane_bonds
mp-555132,,,,0,0,0,40,too_few_inplane_bonds
mp-1525121,,,,0,0,0,4,too_few_total_bonds
mp-23154,,,,0,0,0,4,too_few_total_bonds
mp-1008492,,,,0,0,0,8,too_few_total_bonds
mp-1066781,,,,0,0,0,8,too_few_total_bonds
mp-1524139,,,,0,0,0,8,too_few_total_bonds
mp-23297,,,,0,0,0,16,too_few_total_bonds
mp-28131,,,,0,0,0,72,too_few_inplane_bonds
mp-1018630,,,,0,0,0,28,too_few_inplane_bonds
mp-1017548,,,,0,0,0,28,too_few_inplane_bonds
mp-9570,,,,0,0,0,28,too_few_inplane_bonds
mp-35787,0.0,1.0,a,8,8,8,96,
mp-1227401,1.0,0.0,b,24,0,0,36,
mp-1194059,1.0,0.0,b,112,0,0,152,
mp-1214096,,,,0,0,0,76,too_few_inplane_bonds
mp-1227387,1.0,0.0,b,24,0,0,36,
mp-675750,,,,0,0,0,120,too_few_inplane_bonds
mp-1070099,,,,0,0,0,26,too_few_inplane_bonds
mp-1203500,,,,0,0,0,240,too_few_inplane_bonds
mp-13873,,,,0,0,0,256,too_few_inplane_bonds
mp-36358,0.0,1.0,a,8,8,8,96,
mp-1194276,1.0,0.0,b,112,0,0,152,
mp-34011,0.0,1.0,a,8,8,8,96,
mp-675701,1.0,0.0,b,24,0,0,36,
mp-1227385,1.0,0.0,b,24,0,0,36,
mp-1227503,1.0,0.0,a,0,4,16,64,
mp-35421,0.0,1.0,a,8,8,8,96,
mp-36031,0.0,1.0,a,8,8,8,96,
mp-505362,1.0,0.0,b,112,0,0,152,
mp-1227408,1.0,0.0,b,24,0,0,36,
mp-9564,,,,0,0,0,28,too_few_inplane_bonds
mp-9565,,,,0,0,0,28,too_few_inplane_bonds
mp-35876,0.0,1.0,a,8,8,8,96,
mp-37263,0.0,1.0,a,8,8,8,96,
mp-34185,0.0,1.0,a,8,8,8,96,
mp-37520,0.0,1.0,a,8,8,8,96,
mp-17597,1.0,0.0,b,112,0,0,160,
mp-36100,0.0,1.0,a,8,8,8,96,
mp-38327,0.0,1.0,a,8,8,8,96,
mp-1194132,1.0,0.0,b,112,0,0,152,
mp-1214092,,,,0,0,0,76,too_few_inplane_bonds
mp-1227395,1.0,0.0,b,24,0,0,36,
mp-18642,1.0,0.0,b,112,0,0,152,
mp-1227380,1.0,0.0,b,24,0,0,36,
mp-9569,,,,0,0,0,28,too_few_inplane_bonds
mp-1214215,,,,0,0,8,288,too_few_inplane_bonds
mp-1214384,,,,0,0,8,292,too_few_inplane_bonds
mp-29722,,,,0,0,8,298,too_few_inplane_bonds
mp-1227537,,,,0,0,0,197,too_few_inplane_bonds
mp-28554,,,,0,0,0,24,too_few_inplane_bonds
mp-1095180,1.0,0.0,c,24,4,0,56,
mp-1191256,1.0,0.0,b,100,0,0,164,
mp-1078908,0.8333333333333334,0.1666666666666666,c,24,24,4,56,
mp-1018656,,,,0,0,0,40,too_few_inplane_bonds
mp-23040,,,,0,0,0,24,too_few_inplane_bonds
mp-29284,1.0,0.0,b,40,0,0,152,
mp-1194183,,,,0,0,0,128,too_few_inplane_bonds
mp-1100346,0.0,1.0,a,8,8,8,60,
mp-866474,,,,0,0,0,144,too_few_inplane_bonds
mp-866503,,,,0,0,0,128,too_few_inplane_bonds
mp-866818,1.0,0.0,a,0,0,24,36,
mp-866824,1.0,0.0,b,48,0,0,80,
mp-1205338,1.0,0.0,a,0,0,16,104,
mp-1205337,1.0,0.0,a,0,0,16,104,
mp-1189986,1.0,0.0,a,0,0,16,104,
mp-18504,,,,0,4,4,212,too_few_inplane_bonds
mp-17817,,,,0,0,0,196,too_few_inplane_bonds
mp-1195188,1.0,0.0,a,0,12,0,228,
mp-540696,,,,0,0,0,200,too_few_inplane_bonds
mp-1194866,,,,0,0,0,196,too_few_inplane_bonds
mp-17186,1.0,0.0,b,120,0,0,176,
mp-27294,0.0,1.0,a,12,12,12,36,
mp-28069,0.0,1.0,a,12,12,12,36,
mp-1214087,,,,0,0,0,144,too_few_inplane_bonds
mp-28160,,,,0,0,0,96,too_few_inplane_bonds
mp-1227740,1.0,0.0,a,0,0,72,114,
mp-614572,1.0,0.0,b,112,0,0,160,
mp-29342,0.0,1.0,a,12,12,12,36,
mp-27272,,,,0,0,0,144,too_few_inplane_bonds
mp-1227810,1.0,0.0,c,32,16,0,48,
mp-1214080,,,,0,0,0,144,too_few_inplane_bonds
mp-1013550,0.0,1.0,a,12,12,12,24,
mp-1100362,,,,0,0,0,216,too_few_inplane_bonds
mp-1194887,,,,0,0,0,348,too_few_inplane_bonds
mp-1227228,1.0,0.0,c,8,8,0,136,
mp-781865,1.0,0.0,c,16,16,0,136,
mp-1105373,,,,0,0,0,108,too_few_inplane_bonds
mp-28879,1.0,0.0,c,16,16,0,74,
mp-569892,,,,0,0,0,216,too_few_inplane_bonds
mp-1190098,,,,8,0,0,112,too_few_inplane_bonds
mp-1227266,,,,0,0,0,112,too_few_inplane_bonds
mp-770473,1.0,0.0,b,80,0,0,112,
mp-772082,,,,0,0,0,56,too_few_inplane_bonds
mp-1227124,0.0,1.0,a,6,6,6,38,
mp-11007,,,,8,0,0,92,too_few_inplane_bonds
mp-1227112,1.0,0.0,a,0,0,32,48,
mp-771691,,,,0,0,0,92,too_few_inplane_bonds
mp-771814,,,,0,0,0,100,too_few_inplane_bonds
mp-1227206,0.5,0.5,c,16,16,8,24,
mp-1672,,,,12,12,12,12,too_few_total_bonds
mp-1415,,,,12,12,12,12,too_few_total_bonds
mp-1519,,,,12,12,12,12,too_few_total_bonds
mp-569170,1.0,0.0,b,32,0,0,48,
mp-2015886,,,,0,0,0,48,too_few_inplane_bonds
mp-7781,,,,8,0,0,112,too_few_inplane_bonds
mp-1025377,,,,0,0,0,24,too_few_inplane_bonds
mp-36641,,,,4,4,0,56,too_few_inplane_bonds
mp-4452,,,,4,4,0,24,too_few_inplane_bonds
mp-3772,,,,4,4,0,24,too_few_inplane_bonds
mp-13949,,,,2,2,0,24,too_few_inplane_bonds
mp-616218,,,,0,0,0,72,too_few_inplane_bonds
mp-559200,,,,4,4,4,64,too_few_inplane_bonds
mp-22304,,,,2,2,0,24,too_few_inplane_bonds
mp-568032,,,,0,0,0,24,too_few_inplane_bonds
mp-568661,,,,4,4,0,24,too_few_inplane_bonds
mp-21374,,,,4,4,0,24,too_few_inplane_bonds
mp-28900,1.0,0.0,c,8,8,0,44,
mp-27577,1.0,0.0,c,12,12,0,52,
mp-27776,,,,0,0,0,76,too_few_inplane_bonds
mp-1227014,,,,4,0,0,64,too_few_inplane_bonds
mp-6356,,,,0,0,0,64,too_few_inplane_bonds
mp-1226985,,,,0,0,0,64,too_few_inplane_bonds
mp-29245,1.0,0.0,c,12,12,0,52,
mp-29246,1.0,0.0,c,8,8,0,44,
mp-644431,1.0,0.0,c,8,8,0,44,
mp-29244,1.0,0.0,c,12,12,0,52,
mp-31276,,,,0,0,0,76,too_few_inplane_bonds
mp-1226934,,,,0,0,0,16,too_few_total_bonds
mp-1227011,,,,4,4,4,56,too_few_inplane_bonds
mp-1226990,,,,0,0,0,40,too_few_inplane_bonds
mp-27899,,,,0,0,0,120,too_few_inplane_bonds
mp-676464,,,,0,0,2,24,too_few_inplane_bonds
mp-29415,,,,0,0,0,64,too_few_inplane_bonds
mp-1226891,1.0,0.0,c,12,2,0,24,
mp-1226966,,,,2,2,0,80,too_few_inplane_bonds
mp-5151,,,,2,2,0,80,too_few_inplane_bonds
mp-18163,,,,2,2,0,80,too_few_inplane_bonds
mp-1013726,,,,0,0,0,112,too_few_inplane_bonds
mp-1021492,,,,0,0,0,60,too_few_inplane_bonds
mp-18179,,,,2,2,0,80,too_few_inplane_bonds
mp-17791,,,,2,2,0,80,too_few_inplane_bonds
mp-1226783,1.0,0.0,b,16,0,0,32,
mp-1021494,1.0,0.0,c,20,20,0,42,
mp-29576,1.0,0.0,b,28,0,0,144,
mp-722960,0.0625,0.9375,b,32,30,32,144,
mp-1227291,,,,4,3,0,179,too_few_inplane_bonds
mp-1197203,,,,0,0,0,128,too_few_inplane_bonds
mp-554105,,,,0,0,0,64,too_few_inplane_bonds
mp-1226771,,,,4,4,4,64,too_few_inplane_bonds
mp-542200,,,,0,0,0,112,too_few_inplane_bonds
mp-1196929,,,,0,0,0,132,too_few_inplane_bonds
mp-561079,,,,0,0,0,44,too_few_inplane_bonds
mp-558849,1.0,0.0,b,64,0,0,88,
mp-570590,1.0,0.0,b,64,0,0,88,
mp-570961,,,,0,0,0,44,too_few_inplane_bonds
mp-6449,,,,4,0,0,64,too_few_inplane_bonds
mp-1226810,,,,4,0,0,24,too_few_inplane_bonds
mp-3668,,,,4,4,0,32,too_few_inplane_bonds
mp-569454,1.0,0.0,b,16,0,0,48,
mp-1188728,,,,0,0,0,72,too_few_inplane_bonds
mp-28248,,,,0,0,0,24,too_few_inplane_bonds
mp-567259,,,,0,0,0,12,too_few_total_bonds
mp-567296,,,,0,0,0,36,too_few_inplane_bonds
mp-567336,,,,0,0,0,48,too_few_inplane_bonds
mp-567359,,,,0,0,0,60,too_few_inplane_bonds
mp-567402,,,,0,0,0,72,too_few_inplane_bonds
mp-567442,,,,0,0,0,72,too_few_inplane_bonds
mp-567483,,,,0,0,0,72,too_few_inplane_bonds
mp-567534,,,,0,0,0,96,too_few_inplane_bonds
mp-567567,,,,0,0,0,108,too_few_inplane_bonds
mp-568233,,,,0,0,0,24,too_few_inplane_bonds
mp-568289,,,,0,0,0,36,too_few_inplane_bonds
mp-569468,,,,0,0,0,192,too_few_inplane_bonds
mp-569510,,,,0,0,0,192,too_few_inplane_bonds
mp-569611,,,,0,0,0,204,too_few_inplane_bonds
mp-569666,,,,0,0,0,204,too_few_inplane_bonds
mp-569722,,,,0,0,0,204,too_few_inplane_bonds
mp-569964,,,,0,0,0,96,too_few_inplane_bonds
mp-569994,,,,0,0,0,48,too_few_inplane_bonds
mp-570019,,,,0,0,0,96,too_few_inplane_bonds
mp-570054,,,,0,0,0,96,too_few_inplane_bonds
mp-570082,,,,0,0,0,96,too_few_inplane_bonds
mp-570089,,,,0,0,0,144,too_few_inplane_bonds
mp-570127,,,,0,0,0,96,too_few_inplane_bonds
mp-570165,,,,0,0,0,108,too_few_inplane_bonds
mp-570263,,,,0,0,0,108,too_few_inplane_bonds
mp-570314,,,,0,0,0,108,too_few_inplane_bonds
mp-570410,,,,0,0,0,108,too_few_inplane_bonds
mp-570437,,,,0,0,0,36,too_few_inplane_bonds
mp-570448,,,,0,0,0,156,too_few_inplane_bonds
mp-570472,,,,0,0,0,60,too_few_inplane_bonds
mp-570492,,,,0,0,0,156,too_few_inplane_bonds
mp-570511,,,,0,0,0,60,too_few_inplane_bonds
mp-570552,,,,0,0,0,156,too_few_inplane_bonds
mp-570559,,,,0,0,0,60,too_few_inplane_bonds
mp-570610,,,,0,0,0,156,too_few_inplane_bonds
mp-570613,,,,0,0,0,72,too_few_inplane_bonds
mp-570671,,,,0,0,0,72,too_few_inplane_bonds
mp-570695,,,,0,0,0,72,too_few_inplane_bonds
mp-570781,,,,0,0,0,72,too_few_inplane_bonds
mp-570882,,,,0,0,0,72,too_few_inplane_bonds
mp-570939,,,,0,0,0,72,too_few_inplane_bonds
mp-571037,,,,0,0,0,84,too_few_inplane_bonds
mp-571091,,,,0,0,0,84,too_few_inplane_bonds
mp-571136,,,,0,0,0,84,too_few_inplane_bonds
mp-571197,,,,0,0,0,84,too_few_inplane_bonds
mp-571225,,,,0,0,0,84,too_few_inplane_bonds
mp-571514,,,,0,0,0,96,too_few_inplane_bonds
mp-571516,,,,0,0,0,192,too_few_inplane_bonds
mp-571519,,,,0,0,0,84,too_few_inplane_bonds
mp-571535,,,,0,0,0,96,too_few_inplane_bonds
mp-571538,,,,0,0,0,120,too_few_inplane_bonds
mp-571539,,,,0,0,0,96,too_few_inplane_bonds
mp-571559,,,,0,0,0,120,too_few_inplane_bonds
mp-571567,,,,0,0,0,96,too_few_inplane_bonds
mp-571568,,,,0,0,0,96,too_few_inplane_bonds
mp-571569,,,,0,0,0,108,too_few_inplane_bonds
mp-571578,,,,0,0,0,120,too_few_inplane_bonds
mp-571579,,,,0,0,0,120,too_few_inplane_bonds
mp-571583,,,,0,0,0,120,too_few_inplane_bonds
mp-571592,,,,0,0,0,96,too_few_inplane_bonds
mp-571593,,,,0,0,0,144,too_few_inplane_bonds
mp-571595,,,,0,0,0,120,too_few_inplane_bonds
mp-571603,,,,0,0,0,144,too_few_inplane_bonds
mp-571605,,,,0,0,0,120,too_few_inplane_bonds
mp-571607,,,,0,0,0,144,too_few_inplane_bonds
mp-571613,,,,0,0,0,144,too_few_inplane_bonds
mp-571615,,,,0,0,0,120,too_few_inplane_bonds
mp-571616,,,,0,0,0,120,too_few_inplane_bonds
mp-571635,,,,0,0,0,144,too_few_inplane_bonds
mp-571646,,,,0,0,0,144,too_few_inplane_bonds
mp-571654,,,,0,0,0,144,too_few_inplane_bonds
mp-571660,,,,0,0,0,144,too_few_inplane_bonds
mp-571667,,,,0,0,0,156,too_few_inplane_bonds
mp-571668,,,,0,0,0,144,too_few_inplane_bonds
mp-573588,,,,0,0,0,48,too_few_inplane_bonds
mp-573608,,,,0,0,0,48,too_few_inplane_bonds
mp-574663,,,,0,0,0,48,too_few_inplane_bonds
mp-582042,,,,0,0,0,180,too_few_inplane_bonds
mp-582084,,,,0,0,0,216,too_few_inplane_bonds
mp-624399,,,,0,0,0,108,too_few_inplane_bonds
mp-624400,,,,0,0,0,120,too_few_inplane_bonds
mp-624406,,,,0,0,0,120,too_few_inplane_bonds
mp-624417,,,,0,0,0,132,too_few_inplane_bonds
mp-624418,,,,0,0,0,132,too_few_inplane_bonds
mp-627401,,,,0,0,0,60,too_few_inplane_bonds
mp-627557,,,,0,0,0,108,too_few_inplane_bonds
mp-647489,,,,0,0,0,84,too_few_inplane_bonds
mp-669326,,,,0,0,0,108,too_few_inplane_bonds
mp-669334,,,,0,0,0,180,too_few_inplane_bonds
mp-669340,,,,0,0,0,168,too_few_inplane_bonds
mp-669357,,,,0,0,0,132,too_few_inplane_bonds
mp-669358,,,,0,0,0,132,too_few_inplane_bonds
mp-669360,,,,0,0,0,144,too_few_inplane_bonds
mp-680046,,,,0,0,0,168,too_few_inplane_bonds
mp-680047,,,,0,0,0,168,too_few_inplane_bonds
mp-680055,,,,0,0,0,132,too_few_inplane_bonds
mp-680092,,,,0,0,0,120,too_few_inplane_bonds
mp-680093,,,,0,0,0,132,too_few_inplane_bonds
mp-680094,,,,0,0,0,132,too_few_inplane_bonds
mp-680095,,,,0,0,0,240,too_few_inplane_bonds
mp-680111,,,,0,0,0,48,too_few_inplane_bonds
mp-680112,,,,0,0,0,132,too_few_inplane_bonds
mp-680113,,,,0,0,0,132,too_few_inplane_bonds
mp-680114,,,,0,0,0,132,too_few_inplane_bonds
mp-680115,,,,0,0,0,168,too_few_inplane_bonds
mp-680116,,,,0,0,0,168,too_few_inplane_bonds
mp-680118,,,,0,0,0,180,too_few_inplane_bonds
mp-680119,,,,0,0,0,180,too_few_inplane_bonds
mp-680120,,,,0,0,0,180,too_few_inplane_bonds
mp-680133,,,,0,0,0,204,too_few_inplane_bonds
mp-680144,,,,0,0,0,228,too_few_inplane_bonds
mp-680145,,,,0,0,0,240,too_few_inplane_bonds
mp-680146,,,,0,0,0,228,too_few_inplane_bonds
mp-680148,,,,0,0,0,240,too_few_inplane_bonds
mp-680152,,,,0,0,0,180,too_few_inplane_bonds
mp-684029,,,,0,0,0,168,too_few_inplane_bonds
mp-1025115,,,,0,0,0,24,too_few_inplane_bonds
mp-1226914,,,,4,4,4,64,too_few_inplane_bonds
mp-1226840,0.875,0.125,b,4,2,16,64,
mp-1226849,,,,8,0,0,32,too_few_inplane_bonds
mp-505222,1.0,0.0,b,48,0,0,64,
mp-12112,,,,0,0,0,96,too_few_inplane_bonds
mp-402,,,,0,0,0,48,too_few_inplane_bonds
mp-913,,,,0,0,0,96,too_few_inplane_bonds
mp-7904,,,,0,0,0,44,too_few_inplane_bonds
mp-5328,1.0,0.0,c,8,8,0,38,
mp-9330,0.0,1.0,a,8,8,8,38,
mp-1079559,0.0,1.0,a,8,8,8,38,
mp-1226877,,,,0,0,0,48,too_few_inplane_bonds
mp-2469,,,,0,0,0,8,too_few_total_bonds
mp-672,,,,0,0,0,16,too_few_total_bonds
mp-567556,1.0,0.0,c,24,24,0,64,
mp-560411,,,,0,0,0,60,too_few_inplane_bonds
mp-559588,,,,0,0,0,44,too_few_inplane_bonds
mp-557049,1.0,0.0,b,64,0,0,88,
mp-1070,,,,0,0,0,16,too_few_total_bonds
mp-2691,,,,0,0,0,8,too_few_total_bonds
mp-1095493,,,,0,0,0,56,too_few_inplane_bonds
mp-4666,,,,4,4,0,32,too_few_inplane_bonds
mp-12779,,,,0,0,0,16,too_few_total_bonds
mp-406,,,,0,0,0,8,too_few_total_bonds
mp-685146,,,,0,0,0,16,too_few_total_bonds
mp-16272,,,,4,4,4,96,too_few_inplane_bonds
mp-680697,,,,0,0,0,260,too_few_inplane_bonds
mp-1545417,,,,0,0,0,32,too_few_inplane_bonds
mp-1080251,1.0,0.0,c,16,16,0,32,
mp-1080303,,,,0,0,0,56,too_few_inplane_bonds
mp-1080346,,,,0,0,0,48,too_few_inplane_bonds
mp-1080348,1.0,0.0,c,16,16,0,32,
mp-1080853,,,,0,0,0,112,too_few_inplane_bonds
mp-1237669,,,,0,0,0,48,too_few_inplane_bonds
mp-1444174,,,,0,0,0,48,too_few_inplane_bonds
mp-1008394,,,,0,0,0,4,too_few_total_bonds
mp-29187,,,,0,0,0,120,too_few_inplane_bonds
mp-2956,,,,0,0,0,144,too_few_inplane_bonds
mp-16363,,,,0,0,0,56,too_few_inplane_bonds
mp-4627,,,,0,0,0,56,too_few_inplane_bonds
mp-1226036,,,,0,0,0,56,too_few_inplane_bonds
mp-1203442,,,,0,0,0,56,too_few_inplane_bonds
mp-1226003,,,,0,0,0,56,too_few_inplane_bonds
mp-10368,,,,0,0,0,112,too_few_inplane_bonds
mp-1226014,,,,0,0,0,56,too_few_inplane_bonds
mp-1102443,,,,0,0,0,56,too_few_inplane_bonds
mp-1226388,0.75,0.25,a,4,4,16,64,
mp-1226281,,,,4,4,0,38,too_few_inplane_bonds
mp-1232472,,,,8,0,0,80,too_few_inplane_bonds
mp-1232653,,,,0,0,0,80,too_few_inplane_bonds
mp-1232705,1.0,0.0,b,48,0,0,80,
mp-1232870,1.0,0.0,b,32,0,0,80,
mp-4182,0.0,1.0,a,6,6,6,20,
mp-7113,,,,0,0,0,16,too_few_total_bonds
mp-27734,,,,0,0,0,72,too_few_inplane_bonds
mp-1226286,0.75,0.25,a,4,4,16,64,
mp-567504,,,,4,4,4,24,too_few_inplane_bonds
mp-569890,,,,0,0,0,72,too_few_inplane_bonds
mp-1226296,,,,4,4,0,38,too_few_inplane_bonds
mp-1213805,,,,0,0,0,72,too_few_inplane_bonds
mp-557145,,,,0,0,0,96,too_few_inplane_bonds
mp-640353,0.0,1.0,a,6,6,6,204,
mp-672338,1.0,0.0,b,184,0,0,264,
mp-8890,1.0,0.0,c,8,8,0,72,
mp-3312,1.0,0.0,c,16,8,0,76,
mp-1197143,1.0,0.0,c,32,32,0,264,
mp-582185,1.0,0.0,c,36,14,0,322,
mp-1213727,,,,0,8,0,168,too_few_inplane_bonds
mp-1113578,0.0,1.0,a,24,24,24,72,
mp-1113543,0.0,1.0,a,24,24,24,72,
mp-561622,1.0,0.0,c,24,24,0,96,
mp-1078250,0.0,1.0,a,24,24,24,72,
mp-1078258,0.0,1.0,a,24,24,24,72,
mp-1113264,0.0,1.0,a,24,24,24,72,
mp-1113232,0.0,1.0,a,24,24,24,72,
mp-1112943,0.0,1.0,a,24,24,24,72,
mp-1112940,0.0,1.0,a,24,24,24,72,
mp-510710,1.0,0.0,c,20,16,0,90,
mp-1112896,0.0,1.0,a,24,24,24,72,
mp-8857,0.75,0.25,b,32,8,8,76,
mp-1206558,0.75,0.25,a,8,8,32,76,
mp-29194,0.25,0.75,b,16,12,12,92,
mp-1229208,1.0,0.0,b,104,0,0,152,
mp-680317,1.0,0.0,b,176,0,0,260,
mp-989543,0.0,1.0,a,24,24,24,60,
mp-567386,,,,0,0,0,112,too_few_inplane_bonds
mp-559668,1.0,0.0,b,160,0,0,224,
mp-1194601,1.0,0.0,b,32,0,0,236,
mp-1195716,1.0,0.0,b,20,0,0,228,
mp-1101094,0.3333333333333333,0.6666666666666666,a,8,8,12,36,
mp-1214168,1.0,0.0,b,16,0,0,100,
mp-1193242,1.0,0.0,b,16,0,0,96,
mp-1190579,1.0,0.0,c,12,6,0,112,
mp-1192085,1.0,0.0,c,12,10,0,126,
mp-1112278,0.0,1.0,a,24,24,24,72,
mp-1111471,0.0,1.0,a,24,24,24,72,
mp-1226699,1.0,0.0,b,32,0,0,128,
mp-1111461,0.0,1.0,a,24,24,24,72,
mp-1112958,0.0,1.0,a,12,12,12,48,
mp-1112917,0.0,1.0,a,24,24,24,72,
mp-29372,1.0,0.0,b,16,0,0,248,
mp-27882,0.0,1.0,a,12,12,12,36,
mp-1102254,0.4,0.6,c,20,20,12,72,
mp-1104024,0.6,0.4,c,20,20,8,72,
mp-662549,1.0,0.0,b,32,0,0,184,
mp-29398,0.0,1.0,a,12,12,12,36,
mp-1202194,,,,0,0,0,174,too_few_inplane_bonds
mp-1213712,0.6,0.4,c,10,8,4,62,
mp-540574,1.0,0.0,c,18,12,0,56,
mp-1105419,,,,4,0,0,104,too_few_inplane_bonds
mp-1106156,1.0,0.0,a,0,4,16,72,
mp-17905,1.0,0.0,a,0,0,80,140,
mp-1183950,1.0,0.0,b,32,0,0,160,
mp-1192922,1.0,0.0,a,0,44,0,164,
mp-28421,1.0,0.0,c,28,16,0,84,
mp-567594,1.0,0.0,c,12,28,0,80,
mp-1079232,0.4,0.6,a,12,12,20,36,
mp-1185537,,,,0,0,0,32,too_few_inplane_bonds
mp-992141,0.0,1.0,a,24,24,24,60,
mp-989516,0.0,1.0,a,24,24,24,60,
mp-21835,1.0,0.0,b,40,0,0,372,
mp-1096926,0.0,1.0,a,24,24,24,72,
mp-1112893,0.0,1.0,a,24,24,24,72,
mp-1112892,0.0,1.0,a,24,24,24,72,
mp-1112889,0.0,1.0,a,12,12,12,48,
mp-989538,0.0,1.0,a,24,24,24,72,
mp-1112890,0.0,1.0,a,12,12,12,48,
mp-1112627,0.0,1.0,a,24,24,24,72,
mp-1113201,0.0,1.0,a,24,24,24,72,
mp-1113094,0.0,1.0,a,24,24,24,72,
mp-1113283,0.0,1.0,a,24,24,24,72,
mp-1113057,0.0,1.0,a,12,12,12,48,
mp-1112793,0.0,1.0,a,12,12,12,48,
mp-1205683,0.0,1.0,a,12,12,12,48,
mp-1113046,0.0,1.0,a,12,12,12,48,
mp-1112871,0.0,1.0,a,12,12,12,48,
mp-1111876,0.0,1.0,a,12,12,12,48,
mp-1112709,0.0,1.0,a,12,12,12,48,
mp-1112710,0.0,1.0,a,12,12,12,48,
mp-1113030,0.0,1.0,a,12,12,12,48,
mp-1113029,0.0,1.0,a,12,12,12,48,
mp-1112838,0.0,1.0,a,24,24,24,72,
mp-989405,0.0,1.0,a,12,12,12,48,
mp-1111847,0.0,1.0,a,24,24,24,72,
mp-1110989,0.0,1.0,a,24,24,24,72,
mp-573030,1.0,0.0,c,16,16,0,82,
mp-1111835,0.0,1.0,a,24,24,24,72,
mp-1112673,0.0,1.0,a,24,24,24,72,
mp-1112670,0.0,1.0,a,12,12,12,48,
mp-1112999,0.0,1.0,a,12,12,12,48,
mp-510338,0.0,1.0,a,6,6,6,64,
mp-1195667,1.0,0.0,b,32,0,0,236,
mp-1195633,1.0,0.0,b,32,0,0,236,
mp-556529,1.0,0.0,b,152,0,0,212,
mp-1025252,0.8,0.2,c,20,20,4,48,
mp-1205772,0.0,1.0,a,12,12,12,36,
mp-505034,0.25,0.75,b,8,6,8,36,
mp-610744,0.1999999999999999,0.8,a,16,20,16,72,
mp-560635,1.0,0.0,b,32,0,0,144,
mp-866654,1.0,0.0,b,32,0,0,144,
mp-1197430,,,,0,0,0,276,too_few_inplane_bonds
mp-1112659,0.0,1.0,a,12,12,12,48,
mp-1112656,0.0,1.0,a,12,12,12,48,
mp-1205696,0.0,1.0,a,12,12,12,48,
mp-1213705,0.7,0.3,a,12,16,40,68,
mp-996943,0.0,1.0,a,12,12,12,48,
mp-1112149,0.0,1.0,a,12,12,12,48,
mp-1111822,0.0,1.0,a,24,24,24,72,
mp-1111434,0.0,1.0,a,24,24,24,72,
mp-1112140,0.0,1.0,a,24,24,24,72,
mp-1112141,0.0,1.0,a,12,12,12,48,
mp-1112138,0.0,1.0,a,12,12,12,48,
mp-1112527,0.0,1.0,a,12,12,12,48,
mp-23108,0.0,1.0,a,12,12,12,48,
mp-569465,,,,2,2,2,102,too_few_inplane_bonds
mp-623028,0.0,1.0,a,8,8,8,96,
mp-14637,0.0,1.0,a,8,8,8,96,
mp-15223,0.0,1.0,a,8,8,8,96,
mp-1111885,0.0,1.0,a,24,24,24,72,
mp-1112884,0.0,1.0,a,24,24,24,72,
mp-1080141,0.3333333333333333,0.6666666666666666,c,6,6,4,40,
mp-28486,,,,0,0,0,76,too_few_inplane_bonds
mp-14336,0.3333333333333333,0.6666666666666666,c,6,6,4,40,
mp-1206689,0.75,0.25,a,8,8,32,76,
mp-1205610,0.75,0.25,a,8,8,32,76,
mp-14652,1.0,0.0,c,24,24,0,84,
mp-1196015,1.0,0.0,c,16,32,0,128,
mp-607291,,,,0,0,0,96,too_few_inplane_bonds
mp-1202203,,,,0,0,0,168,too_few_inplane_bonds
mp-559307,,,,0,0,0,160,too_few_inplane_bonds
mp-3934,,,,0,0,0,64,too_few_inplane_bonds
mp-17691,,,,4,0,0,100,too_few_inplane_bonds
mp-554272,,,,0,0,0,192,too_few_inplane_bonds
mp-28995,,,,4,4,0,112,too_few_inplane_bonds
mp-557225,,,,0,0,0,140,too_few_inplane_bonds
mp-554627,,,,0,0,0,100,too_few_inplane_bonds
mp-1196216,,,,0,0,0,216,too_few_inplane_bonds
mp-5546,,,,0,0,0,120,too_few_inplane_bonds
mp-13872,,,,0,0,0,124,too_few_inplane_bonds
mp-1077811,,,,0,0,0,20,too_few_inplane_bonds
mp-5014,1.0,0.0,b,16,0,0,40,
mp-558199,,,,0,0,0,80,too_few_inplane_bonds
mp-628643,,,,0,0,0,80,too_few_inplane_bonds
mp-12954,,,,4,4,0,32,too_few_inplane_bonds
mp-983565,0.75,0.25,a,4,4,16,32,
mp-569715,,,,0,0,0,76,too_few_inplane_bonds
mp-683998,,,,0,0,0,140,too_few_inplane_bonds
mp-1225857,1.0,0.0,b,64,0,0,94,
mp-1225886,1.0,0.0,b,72,0,0,104,
mp-542302,1.0,0.0,b,80,0,0,114,
mp-624191,1.0,0.0,b,80,0,0,120,
mp-554238,,,,0,0,0,40,too_few_inplane_bonds
mp-22917,,,,8,8,0,16,too_few_total_bonds
mp-1184046,,,,0,0,0,16,too_few_total_bonds
mp-1225654,,,,0,0,0,8,too_few_total_bonds
mp-22914,,,,8,0,0,8,too_few_total_bonds
mp-555267,1.0,0.0,b,24,0,0,56,
mp-555645,1.0,0.0,b,48,0,0,112,
mp-23567,1.0,0.0,b,48,0,0,104,
mp-672253,1.0,0.0,b,24,0,0,56,
mp-569687,1.0,0.0,b,16,0,0,44,
mp-22863,,,,8,8,0,16,too_few_total_bonds
mp-22895,,,,0,0,0,32,too_few_inplane_bonds
mp-32750,,,,0,0,0,32,too_few_inplane_bonds
mp-569346,,,,0,0,0,16,too_few_total_bonds
mp-570081,,,,0,0,0,16,too_few_total_bonds
mp-570136,,,,0,0,0,48,too_few_inplane_bonds
mp-673245,,,,0,0,0,32,too_few_inplane_bonds
mp-606644,,,,0,0,0,148,too_few_inplane_bonds
mp-927,,,,0,4,0,56,too_few_inplane_bonds
mp-1196166,,,,0,0,0,96,too_few_inplane_bonds
mp-1197804,,,,0,0,0,96,too_few_inplane_bonds
mp-554724,,,,0,0,0,96,too_few_inplane_bonds
mp-1196912,,,,0,0,0,104,too_few_inplane_bonds
mp-1202691,,,,0,0,0,104,too_few_inplane_bonds
mp-571015,,,,0,0,0,112,too_few_inplane_bonds
mp-1105187,,,,0,0,0,64,too_few_inplane_bonds
mp-554497,,,,0,0,0,52,too_few_inplane_bonds
mp-649774,,,,0,0,0,84,too_few_inplane_bonds
mp-4468,1.0,0.0,b,32,0,0,56,
mp-29567,,,,0,0,0,48,too_few_inplane_bonds
mp-31038,,,,0,0,0,48,too_few_inplane_bonds
mp-28741,,,,0,0,0,56,too_few_inplane_bonds
mp-31036,,,,0,0,0,48,too_few_inplane_bonds
mp-30971,,,,0,0,0,48,too_few_inplane_bonds
mp-31037,,,,0,0,0,48,too_few_inplane_bonds
mp-568778,0.0,1.0,a,8,8,8,80,
mp-1225724,0.0,1.0,a,8,8,8,72,
mp-1225403,0.0,1.0,a,8,8,8,72,
mp-1225395,0.0,1.0,a,8,8,8,72,
mp-1226206,,,,0,0,0,236,too_few_inplane_bonds
mp-1225718,,,,0,0,0,236,too_few_inplane_bonds
mp-675822,1.0,0.0,c,18,18,0,272,
mp-1225760,,,,0,0,0,224,too_few_inplane_bonds
mp-16267,,,,0,0,0,64,too_few_inplane_bonds
mp-570959,,,,0,0,0,64,too_few_inplane_bonds
mp-1198001,,,,0,0,0,184,too_few_inplane_bonds
mp-1232127,,,,0,0,0,304,too_few_inplane_bonds
mp-1232131,,,,0,0,0,64,too_few_inplane_bonds
mp-1232065,,,,0,0,0,128,too_few_inplane_bonds
mp-1232073,,,,0,0,0,304,too_few_inplane_bonds
mp-1232083,,,,0,0,0,64,too_few_inplane_bonds
mp-1270,1.0,0.0,b,80,0,0,120,
mp-32826,1.0,0.0,a,0,28,28,256,
mp-8850,1.0,0.0,b,80,0,0,120,
mp-1213540,1.0,0.0,b,132,0,0,198,
mp-1188427,,,,0,0,0,96,too_few_inplane_bonds
mp-1225289,1.0,0.0,b,8,0,24,24,
mp-1193407,,,,0,0,0,128,too_few_inplane_bonds
mp-1199023,,,,0,0,0,184,too_few_inplane_bonds
mp-558740,1.0,0.0,a,0,0,24,130,
mp-505558,1.0,0.0,a,0,0,24,130,
mp-1225646,,,,0,0,0,248,too_few_inplane_bonds
mp-557998,1.0,0.0,a,0,0,24,124,
mp-569557,1.0,0.0,a,0,0,24,130,
mp-561499,1.0,0.0,a,0,0,12,112,
mp-510539,1.0,0.0,a,0,0,12,106,
mp-1189242,,,,0,0,0,100,too_few_inplane_bonds
mp-1199841,1.0,0.0,b,144,0,0,224,
mp-2755705,1.0,0.0,b,160,0,0,232,
mp-984350,0.0,1.0,a,16,16,16,192,
mp-1205150,1.0,0.0,a,0,256,0,352,
mp-1225330,1.0,0.0,c,8,8,0,64,
mp-1225331,1.0,0.0,c,8,8,0,64,
mp-1196712,,,,0,0,0,268,too_few_inplane_bonds
mp-1225333,1.0,0.0,c,8,8,0,64,
mp-1095296,1.0,0.0,c,8,8,0,58,
mp-35512,0.0,1.0,a,8,8,8,96,
mp-1225400,1.0,0.0,a,0,0,15,115,
mp-1225585,1.0,0.0,b,24,0,0,124,
mp-1225380,1.0,0.0,a,0,0,24,124,
mp-1225409,1.0,0.0,a,0,0,24,124,
mp-1200233,,,,0,0,0,164,too_few_inplane_bonds
mp-2206902,,,,0,0,0,160,too_few_inplane_bonds
mp-1181462,1.0,0.0,a,0,0,32,80,
mp-1225301,,,,0,0,0,20,too_few_inplane_bonds
mp-4024,1.0,0.0,b,16,0,0,40,
mp-1225327,,,,0,0,0,56,too_few_inplane_bonds
mp-601257,1.0,0.0,b,88,0,0,124,
mp-554120,1.0,0.0,b,48,0,0,80,
mp-555044,1.0,0.0,b,48,0,0,80,
mp-675349,,,,0,0,0,20,too_few_inplane_bonds
mp-1225283,,,,0,0,0,20,too_few_inplane_bonds
mp-1207186,,,,0,0,6,12,too_few_total_bonds
mp-865005,1.0,0.0,a,0,0,24,24,
mp-1246786,,,,4,4,4,64,too_few_inplane_bonds
mp-5241,,,,0,0,0,192,too_few_inplane_bonds
mp-1225550,0.0,1.0,a,6,6,6,24,
mp-1184176,,,,0,0,0,112,too_few_inplane_bonds
mp-1105239,,,,2,6,0,66,too_few_inplane_bonds
mp-31166,,,,0,0,0,18,too_few_total_bonds
mp-568062,,,,0,0,0,24,too_few_inplane_bonds
mp-1007908,,,,0,0,0,24,too_few_inplane_bonds
mp-1225120,0.0,1.0,a,8,8,8,72,
mp-1225222,,,,0,0,0,72,too_few_inplane_bonds
mp-1225130,0.0,1.0,a,8,8,8,72,
mp-3041,,,,0,0,0,64,too_few_inplane_bonds
mp-1200853,,,,0,0,0,184,too_few_inplane_bonds
mp-1225591,1.0,0.0,c,8,8,0,76,
mp-1232109,,,,0,0,0,304,too_few_inplane_bonds
mp-1232129,,,,0,0,0,64,too_few_inplane_bonds
mp-1103561,,,,0,0,0,64,too_few_inplane_bonds
mp-1232077,,,,0,0,0,128,too_few_inplane_bonds
mp-1232086,,,,0,0,0,304,too_few_inplane_bonds
mp-1193142,1.0,0.0,b,96,0,0,136,
mp-1225956,,,,0,0,0,260,too_few_inplane_bonds
mp-569786,1.0,0.0,b,104,0,0,140,
mp-1106290,1.0,0.0,b,80,0,0,120,
mp-2234,1.0,0.0,b,96,0,0,156,
mp-684708,1.0,0.0,a,0,0,24,256,
mp-9092,1.0,0.0,b,72,0,0,108,
mp-209,,,,0,0,0,96,too_few_inplane_bonds
mp-1213135,1.0,0.0,b,124,0,0,186,
mp-1225541,1.0,0.0,b,8,0,24,24,
mp-1192137,1.0,0.0,c,24,24,0,104,
mp-1192811,,,,0,0,0,128,too_few_inplane_bonds
mp-1197488,,,,0,0,0,184,too_few_inplane_bonds
mp-555081,1.0,0.0,a,0,0,24,130,
mp-558980,1.0,0.0,a,0,0,24,130,
mp-1191604,1.0,0.0,b,12,0,0,112,
mp-7290,,,,0,0,0,100,too_few_inplane_bonds
mp-1105695,0.0,1.0,a,16,16,16,192,
mp-1225623,1.0,0.0,b,72,0,0,108,
mp-1225691,1.0,0.0,b,72,0,0,108,
mp-1189719,1.0,0.0,c,16,16,0,81,
mp-1225601,1.0,0.0,c,8,8,0,64,
mp-1212840,,,,0,0,0,96,too_few_inplane_bonds
mp-1225748,1.0,0.0,a,0,0,18,118,
mp-1225784,1.0,0.0,a,0,0,24,124,
mp-1225711,1.0,0.0,a,0,0,24,124,
mp-1188388,1.0,0.0,b,12,0,0,72,
mp-13384,,,,0,0,0,76,too_few_inplane_bonds
mp-1079321,0.5,0.5,a,16,16,32,44,
mp-1197880,,,,0,0,0,174,too_few_inplane_bonds
mp-1225516,,,,0,0,0,24,too_few_inplane_bonds
mp-2755672,,,,0,0,0,160,too_few_inplane_bonds
mp-36029,0.5,0.5,a,16,16,32,40,
mp-4044,1.0,0.0,b,32,0,0,80,
mp-1225547,,,,0,0,0,20,too_few_inplane_bonds
mp-12902,1.0,0.0,b,16,0,0,40,
mp-1225628,,,,0,0,0,56,too_few_inplane_bonds
mp-567983,1.0,0.0,b,88,0,0,120,
mp-12454,1.0,0.0,b,48,0,0,80,
mp-559826,1.0,0.0,b,48,0,0,80,
mp-675180,,,,0,0,0,20,too_few_inplane_bonds
mp-1225521,,,,0,0,0,20,too_few_inplane_bonds
mp-1206742,,,,0,0,6,12,too_few_total_bonds
mp-866003,1.0,0.0,a,0,0,24,24,
mp-5036,,,,0,0,0,192,too_few_inplane_bonds
mp-10932,0.8333333333333334,0.1666666666666666,c,24,24,4,36,
mp-1190244,,,,0,0,0,112,too_few_inplane_bonds
mp-2763526,,,,0,0,0,96,too_few_inplane_bonds
mp-27123,1.0,0.0,b,96,0,0,168,
mp-28458,1.0,0.0,c,16,8,0,24,
mp-1105213,1.0,0.0,c,4,8,0,74,
mp-1195632,,,,4,4,0,148,too_few_inplane_bonds
mp-4123,,,,0,0,0,18,too_few_total_bonds
mp-570117,,,,0,0,0,24,too_few_inplane_bonds
mp-1007907,,,,0,0,0,24,too_few_inplane_bonds
mp-30022,,,,0,0,0,64,too_few_inplane_bonds
mp-1103889,1.0,0.0,c,16,16,0,64,
mp-1103552,1.0,0.0,c,16,16,0,64,
mp-510243,1.0,0.0,a,0,16,16,128,
mp-1213054,,,,0,0,0,132,too_few_inplane_bonds
mp-1190780,1.0,0.0,a,0,0,84,126,
mp-1184273,1.0,0.0,a,0,0,16,24,
mp-23311,,,,0,0,0,160,too_few_inplane_bonds
mp-1212756,1.0,0.0,b,48,0,0,72,
mp-1183892,1.0,0.0,a,0,0,16,24,
mp-22887,1.0,0.0,b,48,0,0,72,
mp-13339,1.0,0.0,c,24,24,0,40,
mp-1102093,1.0,0.0,b,32,0,0,56,
mp-23305,,,,0,8,0,56,too_few_inplane_bonds
mp-570799,,,,0,0,0,112,too_few_inplane_bonds
mp-31361,1.0,0.0,b,48,0,0,72,
mp-1212725,1.0,0.0,b,48,0,0,72,
mp-20217,1.0,0.0,a,0,24,0,92,
mp-9198,1.0,0.0,c,8,2,0,38,
mp-1225099,,,,4,4,4,64,too_few_inplane_bonds
mp-561511,1.0,0.0,a,0,8,8,56,
mp-676241,,,,8,0,0,16,too_few_total_bonds
mp-1225180,,,,0,0,0,64,too_few_inplane_bonds
mp-27164,1.0,0.0,b,16,0,0,132,
mp-568328,1.0,0.0,b,12,0,8,44,
mp-570553,1.0,0.0,c,28,4,0,88,
mp-540760,,,,0,0,0,64,too_few_inplane_bonds
mp-1101971,1.0,0.0,a,0,8,8,56,
mp-1522,1.0,0.0,c,16,4,0,28,
mp-649334,,,,0,0,0,56,too_few_inplane_bonds
mp-27904,1.0,0.0,a,0,8,8,56,
mp-1103256,1.0,0.0,a,0,8,8,56,
mp-28189,,,,0,0,0,28,too_few_inplane_bonds
mp-1102288,1.0,0.0,a,0,8,8,56,
mp-540998,,,,0,0,0,40,too_few_inplane_bonds
mp-540997,,,,0,0,0,40,too_few_inplane_bonds
mp-1224856,,,,4,4,0,32,too_few_inplane_bonds
mp-1224789,,,,0,0,0,16,too_few_total_bonds
mp-571085,,,,0,0,0,96,too_few_inplane_bonds
mp-1224814,0.875,0.125,a,2,2,16,32,
mp-29300,,,,0,0,0,56,too_few_inplane_bonds
mp-1203326,,,,0,0,0,88,too_few_inplane_bonds
mp-4809,,,,4,4,0,24,too_few_inplane_bonds
mp-4730,,,,4,4,0,24,too_few_inplane_bonds
mp-16337,,,,2,2,0,24,too_few_inplane_bonds
mp-636675,,,,0,0,0,48,too_few_inplane_bonds
mp-1196984,,,,0,0,0,192,too_few_inplane_bonds
mp-1104141,1.0,0.0,c,12,12,0,48,
mp-571171,,,,0,0,0,192,too_few_inplane_bonds
mp-30945,,,,0,0,0,24,too_few_inplane_bonds
mp-30946,,,,0,0,0,24,too_few_inplane_bonds
mp-1224796,,,,4,8,0,16,too_few_total_bonds
mp-32616,,,,0,0,0,32,too_few_inplane_bonds
mp-539,,,,0,8,0,32,too_few_inplane_bonds
mp-1195835,,,,0,0,0,120,too_few_inplane_bonds
mp-1224809,,,,4,8,0,16,too_few_total_bonds
mp-1340,,,,0,0,0,32,too_few_inplane_bonds
mp-1224822,,,,0,0,0,26,too_few_inplane_bonds
mp-14280,1.0,0.0,b,16,0,0,112,
mp-1194838,0.0,1.0,a,6,6,6,128,
mp-570186,,,,0,0,0,80,too_few_inplane_bonds
mp-542662,,,,0,0,0,80,too_few_inplane_bonds
mp-38970,,,,0,0,0,32,too_few_inplane_bonds
mp-2371,0.5,0.5,c,8,8,4,24,
mp-27255,0.75,0.25,a,2,2,8,32,
mp-28423,0.75,0.25,a,2,2,8,32,
mp-29075,,,,0,0,0,48,too_few_inplane_bonds
mp-569854,,,,0,0,0,54,too_few_inplane_bonds
mp-1224891,,,,0,0,0,56,too_few_inplane_bonds
mp-1212718,1.0,0.0,b,48,0,0,88,
mp-1212726,1.0,0.0,b,48,0,0,88,
mp-28608,1.0,0.0,b,48,0,0,88,
mp-1200793,,,,0,0,8,120,too_few_inplane_bonds
mp-669455,,,,0,0,0,70,too_few_inplane_bonds
mp-1203087,,,,0,0,0,70,too_few_inplane_bonds
mp-676038,,,,0,0,0,40,too_few_inplane_bonds
mp-18388,,,,0,0,0,110,too_few_inplane_bonds
mp-1224898,,,,2,2,0,64,too_few_inplane_bonds
mp-7008,,,,0,0,0,76,too_few_inplane_bonds
mp-1224946,,,,0,4,0,72,too_few_inplane_bonds
mp-5342,,,,4,4,0,32,too_few_inplane_bonds
mp-556916,,,,4,4,0,32,too_few_inplane_bonds
mp-1224820,,,,4,4,0,32,too_few_inplane_bonds
mp-1224845,0.75,0.25,a,4,4,16,32,
mp-1224848,1.0,0.0,a,0,0,12,24,
mp-1224876,0.8333333333333334,0.1666666666666666,a,2,2,12,24,
mp-1212660,,,,0,0,0,32,too_few_inplane_bonds
mp-29362,,,,0,0,0,32,too_few_inplane_bonds
mp-1224851,1.0,0.0,a,0,0,12,24,
mp-29403,,,,0,0,0,16,too_few_total_bonds
mp-5238,,,,0,0,0,32,too_few_inplane_bonds
mp-570738,,,,0,0,0,72,too_few_inplane_bonds
mp-30954,,,,0,0,0,32,too_few_inplane_bonds
mp-2490,,,,0,0,0,8,too_few_total_bonds
mp-8882,,,,0,0,0,16,too_few_total_bonds
mp-30979,,,,0,0,0,64,too_few_inplane_bonds
mp-2507,,,,0,0,0,24,too_few_inplane_bonds
mp-556742,,,,0,0,0,24,too_few_inplane_bonds
mp-9889,,,,0,0,0,12,too_few_total_bonds
mp-11342,,,,0,0,0,14,too_few_total_bonds
mp-1572,,,,0,0,0,28,too_few_inplane_bonds
mp-1943,,,,0,0,0,28,too_few_inplane_bonds
mp-568263,,,,0,0,0,56,too_few_inplane_bonds
mp-23376,,,,0,0,0,28,too_few_inplane_bonds
mp-10009,,,,0,0,0,28,too_few_inplane_bonds
mp-542812,1.0,0.0,b,24,0,0,42,
mp-27449,1.0,0.0,b,16,0,0,32,
mp-29541,,,,0,0,0,36,too_few_inplane_bonds
mp-1226384,0.0,1.0,a,8,8,8,72,
mp-22563,1.0,0.0,b,72,0,0,108,
mp-2901370,1.0,0.0,c,8,8,0,64,
mp-1195809,,,,0,0,0,184,too_few_inplane_bonds
mp-669509,1.0,0.0,b,80,0,0,120,
mp-684712,1.0,0.0,a,0,0,24,256,
mp-865182,,,,4,0,0,64,too_few_inplane_bonds
mp-1192574,1.0,0.0,a,0,0,12,124,
mp-1192219,1.0,0.0,a,0,0,12,124,
mp-568189,1.0,0.0,a,0,0,24,130,
mp-1191406,1.0,0.0,b,24,0,0,124,
mp-641576,1.0,0.0,a,0,0,24,124,
mp-568811,1.0,0.0,a,0,0,18,124,
mp-1200532,1.0,0.0,b,160,0,0,232,
mp-1201973,1.0,0.0,b,144,0,0,224,
mp-685977,0.0,1.0,a,8,8,8,96,
mp-27182,,,,0,4,4,24,too_few_inplane_bonds
mp-23265,0.8333333333333334,0.1666666666666666,a,4,4,24,36,
mp-510471,,,,0,0,8,88,too_few_inplane_bonds
mp-510528,1.0,0.0,c,8,8,0,88,
mp-1207092,,,,0,0,6,12,too_few_total_bonds
mp-1212862,,,,0,0,0,96,too_few_inplane_bonds
mp-1196177,,,,0,0,0,192,too_few_inplane_bonds
mp-556135,1.0,0.0,c,16,8,0,24,
mp-510490,,,,0,0,0,112,too_few_inplane_bonds
mp-557655,,,,0,0,0,18,too_few_total_bonds
mp-531296,,,,0,0,0,208,too_few_inplane_bonds
mp-560370,,,,0,0,0,88,too_few_inplane_bonds
mp-1212561,,,,0,0,0,184,too_few_inplane_bonds
mp-27626,,,,0,0,0,184,too_few_inplane_bonds
mp-27625,,,,0,0,0,184,too_few_inplane_bonds
mp-1212555,,,,0,0,0,184,too_few_inplane_bonds
mp-23420,,,,0,0,0,184,too_few_inplane_bonds
mp-1212667,,,,0,0,0,184,too_few_inplane_bonds
mp-1212622,,,,0,0,0,184,too_few_inplane_bonds
mp-1206551,,,,0,0,0,48,too_few_inplane_bonds
mp-540792,,,,0,0,0,64,too_few_inplane_bonds
mp-27928,,,,0,0,0,64,too_few_inplane_bonds
mp-1224376,1.0,0.0,b,16,0,0,24,
mp-975924,,,,0,0,0,144,too_few_inplane_bonds
mp-1224389,1.0,0.0,c,20,8,0,28,
mp-1199965,,,,0,0,0,144,too_few_inplane_bonds
mp-680333,,,,0,0,0,136,too_few_inplane_bonds
mp-9548,1.0,0.0,b,24,0,0,42,
mp-17524,1.0,0.0,b,48,0,0,80,
mp-29249,,,,0,0,0,72,too_few_inplane_bonds
mp-29644,,,,0,0,0,60,too_few_inplane_bonds
mp-1184708,1.0,0.0,a,0,0,16,24,
mp-1540935,,,,0,0,0,36,too_few_inplane_bonds
mp-27922,,,,0,0,0,36,too_few_inplane_bonds
mp-23266,,,,0,0,0,64,too_few_inplane_bonds
mp-624190,,,,0,0,0,72,too_few_inplane_bonds
mp-541785,1.0,0.0,b,24,0,0,32,
mp-1101755,,,,0,0,0,56,too_few_inplane_bonds
mp-20817,,,,0,0,0,56,too_few_inplane_bonds
mp-2242,1.0,0.0,b,16,0,0,24,
mp-1197287,,,,0,0,0,96,too_few_inplane_bonds
mp-542613,,,,0,0,0,96,too_few_inplane_bonds
mp-572892,,,,0,0,0,128,too_few_inplane_bonds
mp-622213,,,,0,0,0,128,too_few_inplane_bonds
mp-664137,,,,0,0,0,48,too_few_inplane_bonds
mp-700,1.0,0.0,b,16,0,0,24,
mp-10074,,,,0,0,0,16,too_few_total_bonds
mp-1190257,,,,0,0,0,48,too_few_inplane_bonds
mp-540625,,,,0,0,0,128,too_few_inplane_bonds
mp-938,,,,6,6,6,6,too_few_total_bonds
mp-1224368,,,,0,0,0,36,too_few_inplane_bonds
mp-1224448,1.0,0.0,c,32,32,0,48,
mp-1224514,,,,0,0,0,60,too_few_inplane_bonds
mp-860792,,,,0,0,0,72,too_few_inplane_bonds
mp-2929431,,,,0,0,0,14,too_few_total_bonds
mp-14444,,,,0,0,0,48,too_few_inplane_bonds
mp-662502,,,,0,0,0,48,too_few_inplane_bonds
mp-29420,,,,0,0,0,96,too_few_inplane_bonds
mp-29419,,,,0,0,0,22,too_few_inplane_bonds
mp-29708,,,,0,0,0,60,too_few_inplane_bonds
mp-31305,,,,0,0,0,136,too_few_inplane_bonds
mp-1198074,,,,0,0,0,182,too_few_inplane_bonds
mp-1198311,,,,0,0,0,192,too_few_inplane_bonds
mp-984696,,,,0,0,0,108,too_few_inplane_bonds
mp-1224418,1.0,0.0,c,24,10,0,36,
mp-1212441,0.0,1.0,a,16,16,16,192,
mp-570700,,,,4,4,0,66,too_few_inplane_bonds
mp-1212485,,,,0,0,0,144,too_few_inplane_bonds
mp-28941,,,,0,0,0,112,too_few_inplane_bonds
mp-1239266,0.75,0.25,a,4,4,16,64,
mp-1246783,1.0,0.0,a,0,48,8,72,
mp-1246990,,,,0,0,0,144,too_few_inplane_bonds
mp-1246998,1.0,0.0,a,0,48,8,72,
mp-28220,,,,0,0,0,48,too_few_inplane_bonds
mp-569059,,,,0,0,0,48,too_few_inplane_bonds
mp-22147,1.0,0.0,b,48,0,0,76,
mp-985829,,,,0,0,0,12,too_few_total_bonds
mp-9922,1.0,0.0,c,24,12,0,36,
mp-985831,,,,0,0,0,12,too_few_total_bonds
mp-1224282,,,,0,0,0,12,too_few_total_bonds
mp-8725,1.0,0.0,b,48,0,0,72,
mp-1212434,,,,0,0,0,108,too_few_inplane_bonds
mp-989651,1.0,0.0,b,16,0,0,24,
mp-1189341,,,,0,0,0,64,too_few_inplane_bonds
mp-1102545,1.0,0.0,b,32,0,0,52,
mp-9396,1.0,0.0,c,8,8,0,44,
mp-1224121,1.0,0.0,c,24,10,0,36,
mp-554921,,,,8,0,0,52,too_few_inplane_bonds
mp-542596,1.0,0.0,c,112,112,0,184,
mp-504876,,,,0,0,0,134,too_few_inplane_bonds
mp-28899,1.0,0.0,c,8,8,0,52,
mp-28224,,,,0,0,0,60,too_few_inplane_bonds
mp-540925,,,,0,0,0,52,too_few_inplane_bonds
mp-1223967,,,,0,0,0,8,too_few_total_bonds
mp-1223974,,,,0,0,0,8,too_few_total_bonds
mp-27171,,,,6,0,0,32,too_few_inplane_bonds
mp-28874,,,,0,0,0,64,too_few_inplane_bonds
mp-28875,1.0,0.0,c,8,8,0,52,
mp-29679,,,,4,4,0,26,too_few_inplane_bonds
mp-557605,1.0,0.0,a,0,0,64,104,
mp-570125,,,,0,0,0,56,too_few_inplane_bonds
mp-1212489,,,,0,0,0,136,too_few_inplane_bonds
mp-29096,,,,0,0,0,88,too_few_inplane_bonds
mp-559832,,,,0,0,0,94,too_few_inplane_bonds
mp-23418,,,,4,4,4,48,too_few_inplane_bonds
mp-7580,,,,4,4,4,48,too_few_inplane_bonds
mp-29956,,,,0,0,8,96,too_few_inplane_bonds
mp-31075,,,,0,0,0,84,too_few_inplane_bonds
mp-27851,,,,4,4,4,48,too_few_inplane_bonds
mp-1212164,,,,4,4,4,48,too_few_inplane_bonds
mp-29955,,,,0,0,8,96,too_few_inplane_bonds
mp-571404,,,,0,0,0,88,too_few_inplane_bonds
mp-27853,,,,4,4,4,48,too_few_inplane_bonds
mp-27852,,,,4,4,4,48,too_few_inplane_bonds
mp-28579,,,,0,0,0,88,too_few_inplane_bonds
mp-555833,,,,0,0,0,88,too_few_inplane_bonds
mp-555074,,,,0,0,0,60,too_few_inplane_bonds
mp-559355,,,,0,0,0,60,too_few_inplane_bonds
mp-567949,,,,0,0,0,60,too_few_inplane_bonds
mp-570084,,,,0,0,0,60,too_few_inplane_bonds
mp-1212237,,,,0,0,0,82,too_few_inplane_bonds
mp-542474,,,,0,0,0,88,too_few_inplane_bonds
mp-554950,,,,0,0,0,80,too_few_inplane_bonds
mp-571177,,,,0,0,0,96,too_few_inplane_bonds
mp-567798,,,,0,0,0,64,too_few_inplane_bonds
mp-1190557,,,,0,0,0,52,too_few_inplane_bonds
mp-1194941,,,,0,0,0,112,too_few_inplane_bonds
mp-1190220,1.0,0.0,c,8,2,0,80,
mp-28889,,,,0,0,0,148,too_few_inplane_bonds
mp-23586,,,,0,0,0,88,too_few_inplane_bonds
mp-541403,1.0,0.0,a,0,16,0,104,
mp-554735,,,,0,0,0,80,too_few_inplane_bonds
mp-1195247,,,,0,0,0,76,too_few_inplane_bonds
mp-23177,,,,0,0,4,4,too_few_total_bonds
mp-2038287,,,,0,0,0,36,too_few_inplane_bonds
mp-571558,,,,0,0,0,36,too_few_inplane_bonds
mp-22859,,,,0,0,6,6,too_few_total_bonds
mp-23173,,,,0,0,0,8,too_few_total_bonds
mp-23192,,,,8,8,0,16,too_few_total_bonds
mp-567471,,,,0,0,0,64,too_few_inplane_bonds
mp-568742,,,,0,0,0,64,too_few_inplane_bonds
mp-583213,,,,0,0,0,128,too_few_inplane_bonds
mp-570172,,,,0,0,0,8,too_few_total_bonds
mp-27178,,,,4,4,0,30,too_few_inplane_bonds
mp-7293,1.0,0.0,c,8,8,0,60,
mp-9252,,,,4,4,0,12,too_few_total_bonds
mp-1106367,,,,0,0,0,24,too_few_inplane_bonds
mp-1018722,,,,4,4,0,12,too_few_total_bonds
mp-1224178,0.0,1.0,a,8,8,8,72,
mp-1224142,0.0,1.0,a,8,8,8,72,
mp-2214312,1.0,0.0,b,20,0,0,140,
mp-677152,1.0,0.0,b,20,0,0,140,
mp-1224610,,,,0,0,0,231,too_few_inplane_bonds
mp-1224521,,,,0,0,0,230,too_few_inplane_bonds
mp-6942,,,,0,0,0,64,too_few_inplane_bonds
mp-4284,,,,0,0,0,64,too_few_inplane_bonds
mp-1195954,,,,0,0,0,184,too_few_inplane_bonds
mp-1232252,,,,0,0,0,304,too_few_inplane_bonds
mp-1232270,,,,0,0,0,64,too_few_inplane_bonds
mp-1103791,,,,0,0,0,64,too_few_inplane_bonds
mp-1232177,,,,0,0,0,128,too_few_inplane_bonds
mp-1232179,,,,0,0,0,304,too_few_inplane_bonds
mp-1193815,1.0,0.0,b,88,0,0,128,
mp-1224555,,,,0,0,0,268,too_few_inplane_bonds
mp-32787,1.0,0.0,a,0,0,24,256,
mp-878,1.0,0.0,b,96,0,0,156,
mp-8956,1.0,0.0,b,80,0,0,120,
mp-978093,1.0,0.0,c,8,8,0,48,
mp-9824,,,,0,0,0,96,too_few_inplane_bonds
mp-559287,1.0,0.0,b,124,0,0,190,
mp-1189209,,,,0,0,0,96,too_few_inplane_bonds
mp-1223956,1.0,0.0,b,8,0,24,24,
mp-1193207,,,,0,0,0,128,too_few_inplane_bonds
mp-1199431,,,,0,0,0,184,too_few_inplane_bonds
mp-555509,1.0,0.0,a,0,0,24,130,
mp-17486,1.0,0.0,a,0,0,24,124,
mp-571468,1.0,0.0,a,0,0,24,130,
mp-554553,1.0,0.0,a,0,0,12,112,
mp-1189051,,,,0,0,0,100,too_few_inplane_bonds
mp-1203491,1.0,0.0,b,144,0,0,224,
mp-2763890,1.0,0.0,b,160,0,0,232,
mp-1106363,0.0,1.0,a,16,16,16,192,
mp-1200897,,,,0,0,0,268,too_few_inplane_bonds
mp-1223962,1.0,0.0,c,8,8,0,64,
mp-1224164,1.0,0.0,a,0,0,18,118,
mp-1224110,1.0,0.0,a,0,0,24,124,
mp-1224562,,,,0,0,0,180,too_few_inplane_bonds
mp-675189,,,,0,0,0,108,too_few_inplane_bonds
mp-1199297,,,,0,0,0,160,too_few_inplane_bonds
mp-18262,,,,0,0,0,160,too_few_inplane_bonds
mp-12955,1.0,0.0,b,32,0,0,80,
mp-1392664,0.0,1.0,a,16,16,16,48,
mp-675376,0.6666666666666667,0.3333333333333333,a,16,32,48,48,
mp-936760,0.5,0.5,a,16,16,32,48,
mp-1223840,,,,0,0,0,20,too_few_inplane_bonds
mp-12904,1.0,0.0,b,16,0,0,40,
mp-1223843,0.0,1.0,a,6,6,6,24,
mp-1224006,,,,0,0,0,56,too_few_inplane_bonds
mp-6244,1.0,0.0,b,88,0,0,124,
mp-12453,1.0,0.0,b,48,0,0,80,
mp-560611,1.0,0.0,b,48,0,0,80,
mp-1223815,,,,0,0,0,20,too_few_inplane_bonds
mp-24012,,,,0,0,6,12,too_few_total_bonds
mp-864657,1.0,0.0,a,0,0,24,24,
mp-18532,,,,0,0,0,192,too_few_inplane_bonds
mp-10931,0.8333333333333334,0.16666666666666666,c,24,24,4,36,
mp-1189393,,,,0,0,0,112,too_few_inplane_bonds
mp-2755772,,,,0,0,0,112,too_few_inplane_bonds
mp-1195065,1.0,0.0,b,96,0,0,168,
mp-1007665,,,,0,0,0,18,too_few_total_bonds
mp-569178,,,,0,0,0,24,too_few_inplane_bonds
mp-1007663,,,,0,0,0,24,too_few_inplane_bonds
mp-1525634,,,,8,0,0,12,too_few_total_bonds
mp-23153,,,,8,8,0,12,too_few_total_bonds
mp-27639,,,,0,0,0,8,too_few_total_bonds
mp-567998,,,,0,0,0,24,too_few_inplane_bonds
mp-568024,,,,0,0,0,24,too_few_inplane_bonds
mp-1546049,,,,0,0,0,16,too_few_total_bonds
mp-27729,,,,0,0,0,16,too_few_total_bonds
mp-1184928,,,,0,0,0,28,too_few_inplane_bonds
mp-27988,,,,0,0,0,28,too_few_inplane_bonds
mp-685049,,,,0,0,0,56,too_few_inplane_bonds
mp-1223998,,,,0,0,0,48,too_few_inplane_bonds
mp-1181234,1.0,0.0,b,122,0,0,175,
mp-1203419,1.0,0.0,c,120,120,0,172,
mp-622755,1.0,0.0,b,124,0,0,176,
mp-662823,1.0,0.0,b,122,0,0,175,
mp-1224567,1.0,0.0,b,72,0,0,104,
mp-27753,,,,0,0,0,180,too_few_inplane_bonds
mp-1224455,,,,0,0,0,90,too_few_inplane_bonds
mp-686581,,,,0,0,0,180,too_few_inplane_bonds
mp-560386,,,,0,0,0,80,too_few_inplane_bonds
mp-1224043,,,,0,0,0,64,too_few_inplane_bonds
mp-1224076,,,,0,0,0,64,too_few_inplane_bonds
mp-1223776,,,,0,0,0,64,too_few_inplane_bonds
mp-1223851,,,,8,0,8,16,too_few_total_bonds
mp-1198248,1.0,0.0,b,136,0,0,200,
mp-1201600,1.0,0.0,b,80,0,0,120,
mp-1224609,,,,0,0,0,96,too_few_inplane_bonds
mp-556231,1.0,0.0,b,56,0,0,84,
mp-1201574,,,,0,0,0,96,too_few_inplane_bonds
mp-20731,,,,2,2,0,24,too_few_inplane_bonds
mp-19765,,,,4,4,0,24,too_few_inplane_bonds
mp-619279,1.0,0.0,b,112,0,0,152,
mp-1223831,,,,4,8,0,16,too_few_total_bonds
mp-22216,,,,0,0,0,176,too_few_inplane_bonds
mp-673633,,,,0,0,0,32,too_few_inplane_bonds
mp-612740,,,,0,0,0,108,too_few_inplane_bonds
mp-558407,,,,0,0,0,80,too_few_inplane_bonds
mp-616255,1.0,0.0,b,72,0,0,110,
mp-1197742,1.0,0.0,b,68,0,0,136,
mp-582549,1.0,0.0,b,16,0,0,48,
mp-1203469,,,,0,0,0,84,too_few_inplane_bonds
mp-1224083,,,,0,0,0,64,too_few_inplane_bonds
mp-1224530,,,,0,0,0,56,too_few_inplane_bonds
mp-28871,,,,0,0,0,148,too_few_inplane_bonds
mp-568493,,,,0,0,0,156,too_few_inplane_bonds
mp-568522,,,,0,0,0,136,too_few_inplane_bonds
mp-1212594,1.0,0.0,b,48,0,0,88,
mp-616327,1.0,0.0,b,48,0,0,88,
mp-1223884,1.0,0.0,b,16,0,0,32,
mp-27195,1.0,0.0,b,88,0,0,128,
mp-568692,,,,0,0,0,54,too_few_inplane_bonds
mp-680760,,,,2,2,0,100,too_few_inplane_bonds
mp-715212,1.0,0.0,c,112,112,0,168,
mp-510347,1.0,0.0,b,56,0,0,84,
mp-31263,1.0,0.0,b,56,0,0,82,
mp-510346,1.0,0.0,b,56,0,0,80,
mp-568603,1.0,0.0,b,52,0,0,76,
mp-1224536,1.0,0.0,b,88,0,0,139,
mp-1224649,,,,0,0,0,118,too_few_inplane_bonds
mp-669311,,,,0,0,0,110,too_few_inplane_bonds
mp-1224634,1.0,0.0,b,112,0,0,168,
mp-22661,,,,0,0,0,76,too_few_inplane_bonds
mp-20902,,,,0,0,0,76,too_few_inplane_bonds
mp-1223893,0.6666666666666667,0.3333333333333333,a,4,4,12,24,
mp-21459,,,,0,0,0,64,too_few_inplane_bonds
mp-1224048,0.75,0.25,a,4,4,16,64,
mp-1223888,0.8333333333333334,0.16666666666666666,a,2,2,12,24,
mp-1223961,,,,0,0,0,32,too_few_inplane_bonds
mp-1206068,1.0,0.0,c,8,8,0,40,
mp-559521,,,,8,0,0,40,too_few_inplane_bonds
mp-571169,1.0,0.0,c,24,24,0,64,
mp-1078776,1.0,0.0,b,32,0,0,48,
mp-1223842,0.0,1.0,a,6,6,6,24,
mp-22870,0.75,0.25,c,16,16,4,20,
mp-568108,,,,0,0,0,32,too_few_inplane_bonds
mp-570219,,,,0,4,0,24,too_few_inplane_bonds
mp-571555,,,,8,8,4,12,too_few_total_bonds
mp-571636,,,,0,0,4,4,too_few_total_bonds
mp-1223929,0.8333333333333334,0.16666666666666666,a,2,2,12,24,
mp-1224210,0.8333333333333334,0.16666666666666666,a,2,2,12,24,
mp-1223852,0.875,0.125,a,2,2,16,32,
mp-1223856,,,,0,0,0,32,too_few_inplane_bonds
mp-1223781,,,,8,0,8,16,too_few_total_bonds
mp-1223642,,,,0,0,0,16,too_few_total_bonds
mp-19885,1.0,0.0,c,24,24,0,40,
mp-504951,,,,0,0,0,108,too_few_inplane_bonds
mp-504952,,,,0,0,0,108,too_few_inplane_bonds
mp-998233,,,,2,2,2,12,too_few_total_bonds
mp-1196151,,,,0,0,0,96,too_few_inplane_bonds
mp-23202,0.75,0.25,c,16,16,4,20,
mp-29312,,,,0,0,0,48,too_few_inplane_bonds
mp-1223696,1.0,0.0,c,8,6,0,24,
mp-567789,,,,0,0,0,32,too_few_inplane_bonds
mp-966800,,,,0,0,0,16,too_few_total_bonds
mp-20790,,,,2,2,0,16,too_few_total_bonds
mp-19795,1.0,0.0,b,16,0,0,24,
mp-23572,,,,0,0,0,180,too_few_inplane_bonds
mp-1223443,,,,0,0,0,24,too_few_inplane_bonds
mp-773137,0.75,0.25,c,16,16,4,28,
mp-1223535,,,,1,4,1,82,too_few_inplane_bonds
mp-1105494,,,,0,0,0,110,too_few_inplane_bonds
mp-7147,0.19999999999999996,0.8,c,5,5,4,42,
